﻿<LinkSources version="1.02">
  <page ID="BFFD142F-C3A3-4835-82AB-DA24E2196FDF">
    <linkSource sourcePageID="E95BE094-0076-4FA4-BA67-DC09521BB7DD" comID="E5BA9612-E829-483A-96B0-EF3B14AEB912" comLinkType="cltPageLink"/>
    <linkSource sourcePageID="13C547DD-BB93-47F3-8E85-B9ABA334C57B" comID="730F76FA-28A3-499E-9D91-48E7EB9FD0D7" comLinkType="cltPageLink"/>
    <linkSource sourcePageID="06EB09E1-6DDB-4B25-B100-02EA424E5117" comID="2B4EF790-8C90-4B9E-B81A-24A0AF2F1971" comLinkType="cltPageLink"/>
  </page>
  <page ID="E95BE094-0076-4FA4-BA67-DC09521BB7DD">
    <linkSource sourcePageID="BFFD142F-C3A3-4835-82AB-DA24E2196FDF" comID="14990508-5900-4E56-9CF8-D6B58CF61C75" comLinkType="cltPageLink"/>
    <linkSource sourcePageID="AF61CCB7-77B6-4786-BD8B-130A9741C428" comID="2DABC02E-42DD-4957-8D3A-2791EB3A0B25" comLinkType="cltPageLink"/>
    <linkSource sourcePageID="0543C820-29D9-42ED-B016-9922833E96AE" comID="34821A3D-F797-4114-BDFC-817F62471D2C" comLinkType="cltPageLink"/>
    <linkSource sourcePageID="A7A2E4E4-1B05-4220-93D8-E9868E0F23C3" comID="291034AB-077D-4964-9F3F-AF7F6C47BC26" comLinkType="cltPageLink"/>
    <linkSource sourcePageID="DA3BA74B-A767-45BF-A019-FEB46829E01B" comID="31186F13-6A42-4CA0-AE40-47413E5794AF" comLinkType="cltPageLink"/>
  </page>
  <page ID="DA3BA74B-A767-45BF-A019-FEB46829E01B">
    <linkSource sourcePageID="E95BE094-0076-4FA4-BA67-DC09521BB7DD" comID="F79AD10A-9659-4375-9243-C51C8E6CE0E3" comLinkType="cltPageLink"/>
  </page>
  <page ID="0543C820-29D9-42ED-B016-9922833E96AE">
    <linkSource sourcePageID="06EB09E1-6DDB-4B25-B100-02EA424E5117" comID="DC332F1E-BCAA-4E18-A9AE-1072F42D32E0" comLinkType="cltPageLink"/>
    <linkSource sourcePageID="06EB09E1-6DDB-4B25-B100-02EA424E5117" comID="98FC6568-BB28-445F-833D-ECD6E6768A33" comLinkType="cltPageLink"/>
    <linkSource sourcePageID="06EB09E1-6DDB-4B25-B100-02EA424E5117" comID="758D1908-71C3-47F7-8DBA-C5DEF6C31622" comLinkType="cltPageLink"/>
    <linkSource sourcePageID="06EB09E1-6DDB-4B25-B100-02EA424E5117" comID="A387C5FA-CB80-43EB-A401-8F7921FEE78E" comLinkType="cltPageLink"/>
  </page>
  <page ID="A7A2E4E4-1B05-4220-93D8-E9868E0F23C3">
    <linkSource sourcePageID="DA3BA74B-A767-45BF-A019-FEB46829E01B" comID="2381ADD2-B9F4-4FF6-B636-B7E358C7A8D4" comLinkType="cltPageLink"/>
    <linkSource sourcePageID="BFFD142F-C3A3-4835-82AB-DA24E2196FDF" comID="DEF01523-4CDC-44C4-9C77-6E839B35F8AD" comLinkType="cltPageLink"/>
    <linkSource sourcePageID="0543C820-29D9-42ED-B016-9922833E96AE" comID="2381ADD2-B9F4-4FF6-B636-B7E358C7A8D4" comLinkType="cltPageLink"/>
    <linkSource sourcePageID="BFFD142F-C3A3-4835-82AB-DA24E2196FDF" comID="E0AB3806-E0ED-412B-965C-E4F7612FD4D7" comLinkType="cltPageLink"/>
    <linkSource sourcePageID="06EB09E1-6DDB-4B25-B100-02EA424E5117" comID="C5A0C3C6-A038-4E54-ABC3-E11D348A9F13" comLinkType="cltPageLink"/>
    <linkSource sourcePageID="06EB09E1-6DDB-4B25-B100-02EA424E5117" comID="26A36AF1-E7FE-4820-BF49-D8A5C4D900CE" comLinkType="cltPageLink"/>
    <linkSource sourcePageID="BFFD142F-C3A3-4835-82AB-DA24E2196FDF" comID="19E3C25D-1B79-40F6-8CC3-BA36B1391226" comLinkType="cltPageLink"/>
    <linkSource sourcePageID="AF61CCB7-77B6-4786-BD8B-130A9741C428" comID="13AEBA79-E5D1-4C0E-87EA-2B77498F4DA1" comLinkType="cltPageLink"/>
    <linkSource sourcePageID="ADF44010-2035-4578-8B40-CF65FD5CDC48" comID="C940B8DA-0840-4207-9F12-DD93ED8815E9" comLinkType="cltPageLink"/>
    <linkSource sourcePageID="0543C820-29D9-42ED-B016-9922833E96AE" comID="3E1A0AB6-1349-4CB4-811E-A98B05C9DA19" comLinkType="cltPageLink"/>
    <linkSource sourcePageID="06EB09E1-6DDB-4B25-B100-02EA424E5117" comID="EBECF01A-C4EC-4A04-BCD7-0F38BD71CE34" comLinkType="cltPageLink"/>
    <linkSource sourcePageID="06EB09E1-6DDB-4B25-B100-02EA424E5117" comID="D7BD338D-1FA4-47E9-81BB-EECC33A0C18B" comLinkType="cltPageLink"/>
  </page>
  <page ID="06EB09E1-6DDB-4B25-B100-02EA424E5117">
    <linkSource sourcePageID="BFFD142F-C3A3-4835-82AB-DA24E2196FDF" comID="E0AB3806-E0ED-412B-965C-E4F7612FD4D7" comLinkType="cltPageLink"/>
    <linkSource sourcePageID="A7A2E4E4-1B05-4220-93D8-E9868E0F23C3" comID="690EBC70-8985-4014-8194-795FEDD68676" comLinkType="cltPageLink"/>
    <linkSource sourcePageID="DA3BA74B-A767-45BF-A019-FEB46829E01B" comID="021C8598-45E0-43A5-98F5-79F6BD7F65E3" comLinkType="cltPageLink"/>
    <linkSource sourcePageID="25318F7C-8F4D-4F85-8BE9-969A1AC48911" comID="690EBC70-8985-4014-8194-795FEDD68676" comLinkType="cltPageLink"/>
    <linkSource sourcePageID="1A264450-0B15-4977-BFEC-84C6958E5CFA" comID="690EBC70-8985-4014-8194-795FEDD68676" comLinkType="cltPageLink"/>
    <linkSource sourcePageID="983A2E9F-79BA-4D44-A9BC-49A56B07F158" comID="1D1E2AA3-BA6F-467D-9F8B-5A5769C801E8" comLinkType="cltPageLink"/>
    <linkSource sourcePageID="FB17BA92-9479-4FFB-84C8-F2C23DA117CD" comID="2440A62D-9A7E-4F29-8275-C30E021EE6B3" comLinkType="cltPageLink"/>
  </page>
  <page ID="25318F7C-8F4D-4F85-8BE9-969A1AC48911">
    <linkSource sourcePageID="E95BE094-0076-4FA4-BA67-DC09521BB7DD" comID="7D1A3E81-7985-40D2-A28C-8FBE22595D81" comLinkType="cltPageLink"/>
    <linkSource sourcePageID="E95BE094-0076-4FA4-BA67-DC09521BB7DD" comID="E3E7B5EC-E55C-490E-9239-147D99657E83" comLinkType="cltPageLink"/>
    <linkSource sourcePageID="E95BE094-0076-4FA4-BA67-DC09521BB7DD" comID="57F54060-3FCE-4534-8704-E09F64AA5913" comLinkType="cltPageLink"/>
    <linkSource sourcePageID="E95BE094-0076-4FA4-BA67-DC09521BB7DD" comID="3D1C0745-07D2-4693-9CFD-6DC3AB17E26B" comLinkType="cltPageLink"/>
    <linkSource sourcePageID="E95BE094-0076-4FA4-BA67-DC09521BB7DD" comID="EFDA3DE8-DC08-421F-8B74-9DB4AC529D45" comLinkType="cltPageLink"/>
    <linkSource sourcePageID="E95BE094-0076-4FA4-BA67-DC09521BB7DD" comID="46C354C6-ACEC-4F97-8946-F7ED88EFEE5F" comLinkType="cltPageLink"/>
    <linkSource sourcePageID="E95BE094-0076-4FA4-BA67-DC09521BB7DD" comID="F329BBBC-8624-4527-9EBE-C1408693658C" comLinkType="cltPageLink"/>
    <linkSource sourcePageID="E95BE094-0076-4FA4-BA67-DC09521BB7DD" comID="C159ED7E-076E-4742-AF8C-779228C07809" comLinkType="cltPageLink"/>
    <linkSource sourcePageID="E95BE094-0076-4FA4-BA67-DC09521BB7DD" comID="D1FEE37C-B8D6-4179-BC6D-9570D1FF3CCA" comLinkType="cltPageLink"/>
  </page>
  <page ID="AF61CCB7-77B6-4786-BD8B-130A9741C428">
    <linkSource sourcePageID="25318F7C-8F4D-4F85-8BE9-969A1AC48911" comID="67868797-E605-4A38-86B1-782F66F93C16" comLinkType="cltPageLink"/>
  </page>
  <page ID="13C547DD-BB93-47F3-8E85-B9ABA334C57B">
    <linkSource sourcePageID="BFFD142F-C3A3-4835-82AB-DA24E2196FDF" comID="164A7974-B622-4C0E-BF3E-4DDAAC895BB9" comLinkType="cltPageLink"/>
    <linkSource sourcePageID="BFFD142F-C3A3-4835-82AB-DA24E2196FDF" comID="CCF07237-740F-453C-A18B-D9374667D81B" comLinkType="cltPageLink"/>
    <linkSource sourcePageID="ADF44010-2035-4578-8B40-CF65FD5CDC48" comID="C940B8DA-0840-4207-9F12-DD93ED8815E9" comLinkType="cltPageLink"/>
    <linkSource sourcePageID="AF61CCB7-77B6-4786-BD8B-130A9741C428" comID="13AEBA79-E5D1-4C0E-87EA-2B77498F4DA1" comLinkType="cltPageLink"/>
    <linkSource sourcePageID="ADF44010-2035-4578-8B40-CF65FD5CDC48" comID="1D340FE5-5EC3-4D9E-A892-EDF77F8CD17B" comLinkType="cltPageLink"/>
    <linkSource sourcePageID="13C547DD-BB93-47F3-8E85-B9ABA334C57B" comID="730F76FA-28A3-499E-9D91-48E7EB9FD0D7" comLinkType="cltPageLink"/>
    <linkSource sourcePageID="AF61CCB7-77B6-4786-BD8B-130A9741C428" comID="2DABC02E-42DD-4957-8D3A-2791EB3A0B25" comLinkType="cltPageLink"/>
    <linkSource sourcePageID="06EB09E1-6DDB-4B25-B100-02EA424E5117" comID="2B4EF790-8C90-4B9E-B81A-24A0AF2F1971" comLinkType="cltPageLink"/>
    <linkSource sourcePageID="A7A2E4E4-1B05-4220-93D8-E9868E0F23C3" comID="690EBC70-8985-4014-8194-795FEDD68676" comLinkType="cltPageLink"/>
    <linkSource sourcePageID="0543C820-29D9-42ED-B016-9922833E96AE" comID="3E1A0AB6-1349-4CB4-811E-A98B05C9DA19" comLinkType="cltPageLink"/>
    <linkSource sourcePageID="DA3BA74B-A767-45BF-A019-FEB46829E01B" comID="021C8598-45E0-43A5-98F5-79F6BD7F65E3" comLinkType="cltPageLink"/>
    <linkSource sourcePageID="25318F7C-8F4D-4F85-8BE9-969A1AC48911" comID="67868797-E605-4A38-86B1-782F66F93C16" comLinkType="cltPageLink"/>
    <linkSource sourcePageID="1A264450-0B15-4977-BFEC-84C6958E5CFA" comID="67868797-E605-4A38-86B1-782F66F93C16" comLinkType="cltPageLink"/>
    <linkSource sourcePageID="1A264450-0B15-4977-BFEC-84C6958E5CFA" comID="E369BBC7-1E55-4EAC-8598-83B059CC3B71" comLinkType="cltPageLink"/>
    <linkSource sourcePageID="FB17BA92-9479-4FFB-84C8-F2C23DA117CD" comID="8A35A9C0-4536-42DB-94D7-463746CD7933" comLinkType="cltPageLink"/>
  </page>
  <page ID="ADF44010-2035-4578-8B40-CF65FD5CDC48">
    <linkSource sourcePageID="13C547DD-BB93-47F3-8E85-B9ABA334C57B" comID="BD587114-2DF6-47BC-B95F-283CB6D40F3C" comLinkType="cltPageLink"/>
  </page>
</LinkSources>