<mockup version="5.3" minAllowVersion="5.3" ID="0543C820-29D9-42ED-B016-9922833E96AE" platform="MtMobile" defaultW="1080" defaultH="1960" measureW="1080" measureH="1960" screenOrientation="MoPortrait" mobileScreenScale="1.77777779102325" clipArea="(0,0,0,0)">
  <controls controlCount="45">
    <control controlID="B7659739-8C19-4B72-AB20-2BE55241DBB5" controlTypeID="Shape" x="0" y="0" w="1080" h="438" zOrder="0">
      <color>4294927872</color>
      <borderColor>6710886</borderColor>
      <font family="Segoe+UI" displayName="Segoe+UI" postScript="" weightStyle="Regular" weight="400" isBold="False" isItalic="False"/>
      <textColor>4294927872</textColor>
      <textSize>14</textSize>
      <selectedIndex>-1</selectedIndex>
    </control>
    <control controlID="16E77F13-FC95-4B11-9D9B-CB3CE29B97D9" controlTypeID="Shape" x="0" y="0" w="1080" h="862" zOrder="1">
      <color>402653183</color>
      <borderColor>6710886</borderColor>
      <font family="Segoe+UI" displayName="Segoe+UI" postScript="" weightStyle="Regular" weight="400" isBold="False" isItalic="False"/>
      <textSize>14</textSize>
      <selectedIndex>-1</selectedIndex>
      <shapeBorderType>SbTriangle</shapeBorderType>
      <triangleType>TdNinety</triangleType>
    </control>
    <control controlID="8B011462-6829-4B55-B6BC-23E89D5D9FA1" controlTypeID="TextInput" x="72" y="516" w="940" h="150" zOrder="2">
      <font family="Segoe+UI" displayName="Segoe+UI" postScript="" weightStyle="Regular" weight="400" isBold="False" isItalic="False"/>
      <textColor>4281545523</textColor>
      <textSize>54</textSize>
      <lineSpacing>0</lineSpacing>
      <useDefaultTextSize>False</useDefaultTextSize>
      <selectedIndex>-1</selectedIndex>
      <placeHolder>++++++++Celine's+Groceries%2C+Rue+de+Gen%C3%A8ve+18%2C+1003+Lausanne</placeHolder>
      <radius>20</radius>
    </control>
    <control controlID="464AA086-B31C-44AB-8434-A653F1BF8975" controlTypeID="Label" x="100" y="279" w="273" h="96" zOrder="3">
      <font family="Segoe+UI" displayName="Segoe+UI+Bold" postScript="" weightStyle="Bold" weight="700" isBold="True" isItalic="False"/>
      <text>Edit+trip</text>
      <textColor>4294967295</textColor>
      <textSize>72</textSize>
      <lineSpacing>0</lineSpacing>
      <textStyles>[fsBold]</textStyles>
      <useDefaultTextSize>False</useDefaultTextSize>
      <selectedIndex>-1</selectedIndex>
    </control>
    <control controlID="FC27B449-9E54-480B-B088-7F9316D15502" controlTypeID="Icon" x="110" y="555" w="77" h="77" zOrder="4">
      <color>4294927872</color>
      <icon>
        <ID/>
        <iconFontName>jdIonicons</iconFontName>
        <iconCode>61951</iconCode>
      </icon>
      <URL>272406045191EFD41262383E38074218.svg</URL>
    </control>
    <control controlID="5E6D02A3-3AC6-4900-9A25-8641538684F3" controlTypeID="TextInput" x="73" y="703" w="510" h="150" zOrder="5">
      <font family="Segoe+UI" displayName="Segoe+UI" postScript="" weightStyle="Regular" weight="400" isBold="False" isItalic="False"/>
      <textColor>4281545523</textColor>
      <textSize>54</textSize>
      <lineSpacing>0</lineSpacing>
      <useDefaultTextSize>False</useDefaultTextSize>
      <selectedIndex>-1</selectedIndex>
      <placeHolder>++++++++6%2F4%2F2020</placeHolder>
      <radius>20</radius>
    </control>
    <control controlID="506E246D-714F-4C73-9CF1-5345071D9D07" controlTypeID="Icon" x="116" y="746" w="65" h="65" zOrder="6">
      <color>4294927872</color>
      <icon>
        <ID/>
        <iconFontName>jdIonicons</iconFontName>
        <iconCode>62161</iconCode>
      </icon>
      <URL>524D9A41776CD1EF98956BB68F9875AC.svg</URL>
    </control>
    <control controlID="1DDF1B4E-4952-4E62-B96C-188F0F5257E3" controlTypeID="TextInput" x="605" y="703" w="407" h="150" zOrder="7">
      <font family="Segoe+UI" displayName="Segoe+UI" postScript="" weightStyle="Regular" weight="400" isBold="False" isItalic="False"/>
      <textColor>4281545523</textColor>
      <textSize>54</textSize>
      <lineSpacing>0</lineSpacing>
      <useDefaultTextSize>False</useDefaultTextSize>
      <selectedIndex>-1</selectedIndex>
      <placeHolder>++++++++14%3A35</placeHolder>
      <radius>20</radius>
    </control>
    <control controlID="B3553FB0-164E-4378-8AA6-EEF64338A558" controlTypeID="Icon" x="640" y="740" w="77" h="77" zOrder="8">
      <color>4294927872</color>
      <icon>
        <ID/>
        <iconFontName>jdIonicons</iconFontName>
        <iconCode>62387</iconCode>
      </icon>
      <URL>0CCFED0BD1BC3BB4D610117937314139.svg</URL>
    </control>
    <control controlID="2381ADD2-B9F4-4FF6-B636-B7E358C7A8D4" controlTypeID="Shape" x="61" y="1510" w="944" h="169" zOrder="9">
      <color>4294927872</color>
      <borderColor>16724787</borderColor>
      <links eventType="AtClick" animate="AmNone" animateAutoDelay="0" animateDuration="500">
        <link targetPageID="A7A2E4E4-1B05-4220-93D8-E9868E0F23C3" linkType="ltPageLink" isApplyIncludePage="False" title="Manage+trip">
          <area shape="0" alt="" ID="{BD2F4031-22D6-4FFA-8E50-2C567C53B4A7}" coords="(0,0,944,169)"/>
        </link>
      </links>
      <font family="Segoe+UI" displayName="Segoe+UI" postScript="" weightStyle="Regular" weight="400" isBold="False" isItalic="False"/>
      <text>Save+changes</text>
      <textColor>4294967295</textColor>
      <textSize>54</textSize>
      <useDefaultTextSize>False</useDefaultTextSize>
      <selectedIndex>-1</selectedIndex>
      <radius>20</radius>
    </control>
    <control controlID="81470BBB-CBE2-4414-ADFB-3763263A8C35" controlTypeID="TextInput" x="73" y="1000" w="290" h="288" zOrder="10">
      <font family="Segoe+UI" displayName="Segoe+UI" postScript="" weightStyle="Regular" weight="400" isBold="False" isItalic="False"/>
      <textSize>54</textSize>
      <lineSpacing>0</lineSpacing>
      <useDefaultTextSize>False</useDefaultTextSize>
      <selectedIndex>-1</selectedIndex>
      <radius>20</radius>
    </control>
    <control controlID="E6B69FB9-4D07-4375-B422-3B45D621C01F" controlTypeID="TextInput" x="397" y="1003" w="290" h="288" zOrder="11">
      <borderColor>4294927872</borderColor>
      <font family="Segoe+UI" displayName="Segoe+UI" postScript="" weightStyle="Regular" weight="400" isBold="False" isItalic="False"/>
      <textSize>54</textSize>
      <lineSpacing>0</lineSpacing>
      <useDefaultTextSize>False</useDefaultTextSize>
      <selectedIndex>-1</selectedIndex>
      <radius>20</radius>
    </control>
    <control controlID="25301300-12DB-4C12-A43D-61655A75EDCA" controlTypeID="TextInput" x="722" y="1003" w="290" h="288" zOrder="12">
      <font family="Segoe+UI" displayName="Segoe+UI" postScript="" weightStyle="Regular" weight="400" isBold="False" isItalic="False"/>
      <textSize>54</textSize>
      <lineSpacing>0</lineSpacing>
      <useDefaultTextSize>False</useDefaultTextSize>
      <selectedIndex>-1</selectedIndex>
      <radius>20</radius>
    </control>
    <control controlID="48FB108B-2BFC-4735-BF4E-CA1903DF838C" controlTypeID="Label" x="127" y="1206" w="181" h="54" zOrder="13">
      <font family="Segoe+UI" displayName="Segoe+UI" postScript="" weightStyle="Regular" weight="400" isBold="False" isItalic="False"/>
      <text>up+to+2+kg</text>
      <textColor>4284900966</textColor>
      <textSize>40</textSize>
      <textAlign>HaCenter</textAlign>
      <lineSpacing>0</lineSpacing>
      <useDefaultTextSize>False</useDefaultTextSize>
      <selectedIndex>-1</selectedIndex>
    </control>
    <control controlID="B86FCC72-80CB-42F2-8605-5836AAD5E604" controlTypeID="Label" x="466" y="1206" w="152" h="54" zOrder="14">
      <font family="Segoe+UI" displayName="Segoe+UI" postScript="" weightStyle="Regular" weight="400" isBold="False" isItalic="False"/>
      <text>3-10+kgs</text>
      <textColor>4294927872</textColor>
      <textSize>40</textSize>
      <textAlign>HaCenter</textAlign>
      <lineSpacing>0</lineSpacing>
      <useDefaultTextSize>False</useDefaultTextSize>
      <selectedIndex>-1</selectedIndex>
    </control>
    <control controlID="7C2CB306-97A3-4543-B277-8D47CB2DA279" controlTypeID="Label" x="796" y="1206" w="142" h="54" zOrder="15">
      <font family="Segoe+UI" displayName="Segoe+UI" postScript="" weightStyle="Regular" weight="400" isBold="False" isItalic="False"/>
      <text>10%2B+kgs</text>
      <textColor>4284900966</textColor>
      <textSize>40</textSize>
      <textAlign>HaCenter</textAlign>
      <lineSpacing>0</lineSpacing>
      <useDefaultTextSize>False</useDefaultTextSize>
      <selectedIndex>-1</selectedIndex>
    </control>
    <control controlID="88FCEF47-AD75-44D0-8C33-2DE91C906662" controlTypeID="Icon" x="158" y="1053" w="120" h="120" zOrder="16">
      <icon>
        <ID/>
        <iconFontName>jdIcoMoonFree</iconFontName>
        <iconCode>59807</iconCode>
      </icon>
      <URL>C02E786897D893B11E63CC5EF09BBED2.svg</URL>
    </control>
    <control controlID="0C4043AC-1D4C-480C-9629-CA7A76B70B46" controlTypeID="Icon" x="482" y="1056" w="120" h="120" zOrder="17">
      <color>4294927872</color>
      <icon>
        <ID/>
        <iconFontName>jdIonicons</iconFontName>
        <iconCode>61712</iconCode>
      </icon>
      <URL>BD4E616381CC9655F320253658F38FF1.svg</URL>
    </control>
    <control controlID="DECA6815-3527-4006-9A52-70EB529C032F" controlTypeID="Icon" x="807" y="1070" w="120" h="120" zOrder="18">
      <icon>
        <ID/>
        <iconFontName>jdIcoMoonFree</iconFontName>
        <iconCode>59824</iconCode>
      </icon>
      <URL>62C23F59E2D195650370F88617D118A0.svg</URL>
    </control>
    <control controlID="860E6BFF-206C-4D46-8D18-3C2B57EED834" controlTypeID="Label" x="78" y="899" w="278" h="72" zOrder="19">
      <font family="Segoe+UI" displayName="Segoe+UI" postScript="" weightStyle="Regular" weight="400" isBold="False" isItalic="False"/>
      <text>I+can+carry...</text>
      <textColor>4284900966</textColor>
      <textSize>54</textSize>
      <lineSpacing>0</lineSpacing>
      <useDefaultTextSize>False</useDefaultTextSize>
      <selectedIndex>-1</selectedIndex>
    </control>
    <control controlID="49A10E10-E052-498A-944F-FD7AD204F453" controlTypeID="Label" x="77" y="1361" w="593" h="72" zOrder="20">
      <font family="Segoe+UI" displayName="Segoe+UI" postScript="" weightStyle="Regular" weight="400" isBold="False" isItalic="False"/>
      <text>Max+distance+from+home</text>
      <textColor>4284900966</textColor>
      <textSize>54</textSize>
      <lineSpacing>0</lineSpacing>
      <useDefaultTextSize>False</useDefaultTextSize>
      <selectedIndex>-1</selectedIndex>
    </control>
    <control controlID="2AE61045-9533-41F4-92A4-575B281FB75D" controlTypeID="TextInput" x="722" y="1322" w="290" h="150" zOrder="21">
      <font family="Segoe+UI" displayName="Segoe+UI" postScript="" weightStyle="Regular" weight="400" isBold="False" isItalic="False"/>
      <textSize>54</textSize>
      <textAlign>HaCenter</textAlign>
      <lineSpacing>0</lineSpacing>
      <useDefaultTextSize>False</useDefaultTextSize>
      <selectedIndex>-1</selectedIndex>
      <placeHolder>2+Km</placeHolder>
      <radius>20</radius>
    </control>
    <control controlID="E162EE6A-5494-4DCD-B4FD-59F3468A9697" controlTypeID="Image" x="137" y="1046" w="159" h="160" zOrder="22">
      <URL>AA6465416D710AE8B4B024F86C544370.png</URL>
    </control>
    <control controlID="3E1A0AB6-1349-4CB4-811E-A98B05C9DA19" controlTypeID="Icon" x="10" y="10" w="115" h="115" zOrder="23">
      <color>4294967295</color>
      <links eventType="AtClick" animate="AmNone" animateAutoDelay="0" animateDuration="0">
        <link targetPageID="A7A2E4E4-1B05-4220-93D8-E9868E0F23C3" linkType="ltPageLink" isApplyIncludePage="False" title="Trip+Details">
          <area shape="0" alt="" ID="{F6922A9B-A196-41E4-9082-865E9EC7279D}" coords="(0,0,115,115)"/>
        </link>
      </links>
      <icon>
        <ID/>
        <iconFontName>jdIonicons</iconFontName>
        <iconCode>62415</iconCode>
      </icon>
      <URL>D6859759E093AABA6D618DD6AA733504.svg</URL>
    </control>
    <control controlID="34821A3D-F797-4114-BDFC-817F62471D2C" controlTypeID="IconLabel2" x="212" y="1809" w="64" h="102" zOrder="24">
      <caption>Alerts</caption>
      <links eventType="AtClick" animate="AmSlideRight" animateAutoDelay="0" animateDuration="20">
        <link targetPageID="E95BE094-0076-4FA4-BA67-DC09521BB7DD" linkType="ltPageLink" isApplyIncludePage="False" title="Map">
          <area shape="0" alt="" ID="{DAFFDD88-334D-4710-ACC2-C42E9932D6BF}" coords="(0,0,64,102)"/>
        </link>
      </links>
      <groupChildrenDescriptors>
        <control controlID="0B357B2E-1332-4D63-9394-E8E7399A5BD8" controlTypeID="Shape" x="2" y="0" w="60" h="60" zOrder="0">
          <canMove>False</canMove>
          <alias>shape</alias>
          <font family="Segoe+UI" displayName="Segoe+UI" postScript="" weightStyle="Regular" weight="400" isBold="False" isItalic="False"/>
          <textSize>14</textSize>
          <selectedIndex>-1</selectedIndex>
        </control>
        <control controlID="7C331E69-2CCB-496C-9B33-92D1BD79BABE" controlTypeID="Icon" x="2" y="0" w="60" h="60" zOrder="1">
          <canMove>False</canMove>
          <alias>icon</alias>
          <icon>
            <ID/>
            <iconFontName>jdIonicons</iconFontName>
            <iconCode>62348</iconCode>
          </icon>
          <URL>C9A19AEA8333861081ABFD164D361FEF.svg</URL>
        </control>
        <control controlID="CC5F23DA-5038-4408-8222-1FBDC445AA2F" controlTypeID="Label" x="4" y="64" w="56" h="38" zOrder="2">
          <canMove>False</canMove>
          <alias>label</alias>
          <font family="Segoe+UI" displayName="Segoe+UI" postScript="" weightStyle="Regular" weight="400" isBold="False" isItalic="False"/>
          <text>Map</text>
          <textColor>4284900966</textColor>
          <textSize>28</textSize>
          <textAlign>HaCenter</textAlign>
          <lineSpacing>0</lineSpacing>
          <useDefaultTextSize>False</useDefaultTextSize>
          <selectedIndex>-1</selectedIndex>
        </control>
        <control controlID="49872C56-0BEC-450D-AA51-8703F0C67B5F" controlTypeID="Shape" x="43" y="0" w="21" h="20" zOrder="3">
          <color>4294901760</color>
          <borderVisible>False</borderVisible>
          <canMove>False</canMove>
          <alias>alarm</alias>
          <font family="Segoe+UI" displayName="Segoe+UI" postScript="" weightStyle="Regular" weight="400" isBold="False" isItalic="False"/>
          <text>2</text>
          <textColor>4294967295</textColor>
          <textSize>13</textSize>
          <selectedIndex>-1</selectedIndex>
          <radius>100</radius>
          <radiusIsPercent>True</radiusIsPercent>
        </control>
      </groupChildrenDescriptors>
      <iconSize>60</iconSize>
    </control>
    <control controlID="A0C2C1D9-1EEF-418B-B4FD-0186926A6F00" controlTypeID="IconLabel2" x="823" y="1808" w="64" h="102" zOrder="25">
      <caption>Help</caption>
      <groupChildrenDescriptors>
        <control controlID="66C98729-7D27-4832-810F-FAC49EDAC506" controlTypeID="Shape" x="2" y="0" w="60" h="60" zOrder="0">
          <canMove>False</canMove>
          <alias>shape</alias>
          <font family="Segoe+UI" displayName="Segoe+UI" postScript="" weightStyle="Regular" weight="400" isBold="False" isItalic="False"/>
          <textSize>14</textSize>
          <selectedIndex>-1</selectedIndex>
        </control>
        <control controlID="9B1991EE-8E9E-4A72-867E-A6230FDE20EA" controlTypeID="Icon" x="2" y="0" w="60" h="60" zOrder="1">
          <canMove>False</canMove>
          <alias>icon</alias>
          <icon>
            <ID/>
            <iconFontName>jdIonicons</iconFontName>
            <iconCode>62076</iconCode>
          </icon>
          <URL>7BEE2611F373C98BB8D2195169695997.svg</URL>
        </control>
        <control controlID="FD65897A-F804-431B-8D91-07CF59D8855B" controlTypeID="Label" x="3" y="64" w="58" h="38" zOrder="2">
          <canMove>False</canMove>
          <alias>label</alias>
          <font family="Segoe+UI" displayName="Segoe+UI" postScript="" weightStyle="Regular" weight="400" isBold="False" isItalic="False"/>
          <text>Help</text>
          <textColor>4284900966</textColor>
          <textSize>28</textSize>
          <textAlign>HaCenter</textAlign>
          <lineSpacing>0</lineSpacing>
          <useDefaultTextSize>False</useDefaultTextSize>
          <selectedIndex>-1</selectedIndex>
        </control>
        <control controlID="9EE50FF2-00B4-4BEE-BD88-A3708BBB0921" controlTypeID="Shape" x="43" y="0" w="21" h="20" zOrder="3">
          <color>4294901760</color>
          <borderVisible>False</borderVisible>
          <canMove>False</canMove>
          <alias>alarm</alias>
          <font family="Segoe+UI" displayName="Segoe+UI" postScript="" weightStyle="Regular" weight="400" isBold="False" isItalic="False"/>
          <text>2</text>
          <textColor>4294967295</textColor>
          <textSize>13</textSize>
          <selectedIndex>-1</selectedIndex>
          <radius>100</radius>
          <radiusIsPercent>True</radiusIsPercent>
        </control>
      </groupChildrenDescriptors>
      <iconSize>60</iconSize>
    </control>
    <control controlID="037042E2-0761-44AC-93BD-B349A92D836E" controlTypeID="IconLabel2" x="611" y="1808" w="103" h="102" zOrder="26">
      <caption>Settings</caption>
      <groupChildrenDescriptors>
        <control controlID="4C86E85B-E6F5-4D12-B50A-4AEDA00CF702" controlTypeID="Shape" x="22" y="0" w="60" h="60" zOrder="0">
          <canMove>False</canMove>
          <alias>shape</alias>
          <font family="Segoe+UI" displayName="Segoe+UI" postScript="" weightStyle="Regular" weight="400" isBold="False" isItalic="False"/>
          <textSize>14</textSize>
          <selectedIndex>-1</selectedIndex>
        </control>
        <control controlID="40AECC13-C0E0-4D97-BA45-555AD6E66F5D" controlTypeID="Icon" x="22" y="0" w="60" h="60" zOrder="1">
          <canMove>False</canMove>
          <alias>icon</alias>
          <icon>
            <ID/>
            <iconFontName>jdIonicons</iconFontName>
            <iconCode>61757</iconCode>
          </icon>
          <URL>3D17E78EA0EC372F7F51691AF5BF8D2B.svg</URL>
        </control>
        <control controlID="F94D9137-CE2D-4378-9728-55EDEC461BFB" controlTypeID="Label" x="2" y="64" w="99" h="38" zOrder="2">
          <canMove>False</canMove>
          <alias>label</alias>
          <font family="Segoe+UI" displayName="Segoe+UI" postScript="" weightStyle="Regular" weight="400" isBold="False" isItalic="False"/>
          <text>Settings</text>
          <textColor>4284900966</textColor>
          <textSize>28</textSize>
          <textAlign>HaCenter</textAlign>
          <lineSpacing>0</lineSpacing>
          <useDefaultTextSize>False</useDefaultTextSize>
          <selectedIndex>-1</selectedIndex>
        </control>
        <control controlID="43A29863-C5CF-4E43-91B6-416BF89125A9" controlTypeID="Shape" x="82" y="0" w="21" h="20" zOrder="3">
          <color>4294901760</color>
          <borderVisible>False</borderVisible>
          <canMove>False</canMove>
          <alias>alarm</alias>
          <font family="Segoe+UI" displayName="Segoe+UI" postScript="" weightStyle="Regular" weight="400" isBold="False" isItalic="False"/>
          <text>2</text>
          <textColor>4294967295</textColor>
          <textSize>13</textSize>
          <selectedIndex>-1</selectedIndex>
          <radius>100</radius>
          <radiusIsPercent>True</radiusIsPercent>
        </control>
      </groupChildrenDescriptors>
      <iconSize>60</iconSize>
    </control>
    <control controlID="2C667594-5203-4BF7-8D74-FC133EF78E2C" controlTypeID="IconLabel2" x="416" y="1809" w="64" h="102" zOrder="27">
      <caption>User</caption>
      <groupChildrenDescriptors>
        <control controlID="FB316EEC-1CB1-4989-9F70-210D0F6286D3" controlTypeID="Shape" x="2" y="0" w="60" h="60" zOrder="0">
          <canMove>False</canMove>
          <alias>shape</alias>
          <font family="Segoe+UI" displayName="Segoe+UI" postScript="" weightStyle="Regular" weight="400" isBold="False" isItalic="False"/>
          <textSize>14</textSize>
          <selectedIndex>-1</selectedIndex>
        </control>
        <control controlID="0E52F3C0-FBEA-43B6-9BB7-0245D95E3328" controlTypeID="Icon" x="2" y="0" w="60" h="60" zOrder="1">
          <color>4294940979</color>
          <canMove>False</canMove>
          <alias>icon</alias>
          <icon>
            <ID/>
            <iconFontName>jdIonicons</iconFontName>
            <iconCode>62368</iconCode>
          </icon>
          <URL>B91434690C5B5224D1CC6B1998F1178A.svg</URL>
        </control>
        <control controlID="0324C906-3D73-47E1-A4E0-9DBD1ABA777C" controlTypeID="Label" x="4" y="64" w="55" h="38" zOrder="2">
          <canMove>False</canMove>
          <alias>label</alias>
          <font family="Segoe+UI" displayName="Segoe+UI" postScript="" weightStyle="Regular" weight="400" isBold="False" isItalic="False"/>
          <text>User</text>
          <textColor>4294941030</textColor>
          <textSize>28</textSize>
          <textAlign>HaCenter</textAlign>
          <lineSpacing>0</lineSpacing>
          <useDefaultTextSize>False</useDefaultTextSize>
          <selectedIndex>-1</selectedIndex>
        </control>
        <control controlID="5C1FD78F-57C9-4893-A9DA-D24EC4C4608C" controlTypeID="Shape" x="43" y="0" w="21" h="20" zOrder="3">
          <color>4294901760</color>
          <borderVisible>False</borderVisible>
          <canMove>False</canMove>
          <alias>alarm</alias>
          <font family="Segoe+UI" displayName="Segoe+UI" postScript="" weightStyle="Regular" weight="400" isBold="False" isItalic="False"/>
          <text>2</text>
          <textColor>4294967295</textColor>
          <textSize>13</textSize>
          <selectedIndex>-1</selectedIndex>
          <radius>100</radius>
          <radiusIsPercent>True</radiusIsPercent>
        </control>
      </groupChildrenDescriptors>
      <iconSize>60</iconSize>
    </control>
    <control controlID="21FA4BF4-1105-45C9-8FB2-B2F61D4930A3" controlTypeID="Line" x="60" y="1781" w="963" h="1" zOrder="28">
      <font family="Segoe+UI" displayName="Segoe+UI" postScript="" weightStyle="Regular" weight="400" isBold="False" isItalic="False"/>
      <textSize>14</textSize>
      <lineSpacing>0</lineSpacing>
      <selectedIndex>-1</selectedIndex>
      <controlPoint>(482,0)</controlPoint>
      <startPoint>(0,0)</startPoint>
      <endPoint>(963,0)</endPoint>
    </control>
  </controls>
  <param>
    <backgroundColor>4294967295</backgroundColor>
    <fontSize>0</fontSize>
    <fontFamily/>
    <guideLines/>
  </param>
</mockup>