﻿<mockup version="5.3" minAllowVersion="5.3" ID="983A2E9F-79BA-4D44-A9BC-49A56B07F158" platform="MtMobile" defaultW="1080" defaultH="1960" measureW="1080" measureH="1960" screenOrientation="MoPortrait" mobileScreenScale="1.77777779102325" clipArea="(0,0,0,0)">
  <controls controlCount="58">
    <control controlID="EFD54D81-5F1A-4E2E-A8FE-05F0E7CCF9F6" controlTypeID="Shape" x="2" y="0" w="1080" h="438" zOrder="0">
      <color>4294927872</color>
      <borderColor>6710886</borderColor>
      <font family="Segoe+UI" displayName="Segoe+UI" postScript="" weightStyle="Normal" weight="400" isBold="False" isItalic="False"/>
      <textColor>4294927872</textColor>
      <textSize>14</textSize>
      <selectedIndex>-1</selectedIndex>
    </control>
    <control controlID="2E6DF0B1-366D-4CA8-94A4-956F66C293C8" controlTypeID="Shape" x="0" y="0" w="1080" h="862" zOrder="1">
      <color>402653183</color>
      <borderColor>6710886</borderColor>
      <font family="Segoe+UI" displayName="Segoe+UI" postScript="" weightStyle="Normal" weight="400" isBold="False" isItalic="False"/>
      <textSize>14</textSize>
      <selectedIndex>-1</selectedIndex>
      <shapeBorderType>SbTriangle</shapeBorderType>
      <triangleType>TdNinety</triangleType>
    </control>
    <control controlID="5B68737C-D1AF-4FAD-A56A-98A7774ACCC2" controlTypeID="Label" x="102" y="279" w="446" h="96" zOrder="2">
      <font family="Segoe+UI" displayName="Segoe+UI_%26_Bold" postScript="" weightStyle="Bold" weight="700" isBold="True" isItalic="False"/>
      <text>Trip+Ongoing</text>
      <textColor>4294967295</textColor>
      <textSize>72</textSize>
      <lineSpacing>0</lineSpacing>
      <textStyles>[fsBold]</textStyles>
      <useDefaultTextSize>False</useDefaultTextSize>
      <selectedIndex>-1</selectedIndex>
    </control>
    <control controlID="793A8545-AF0D-4E3A-B6E6-0D7A94A9F950" controlTypeID="__group__" x="96" y="501" w="899" h="295" zOrder="3">
      <groupChildrenDescriptors>
        <control controlID="393B250A-6338-434B-89C0-DD9BFE7B4CFF" controlTypeID="Map" x="0" y="115" w="278" h="180" zOrder="0"/>
        <control controlID="B12A9A7F-20B5-4EA7-B341-CA71F1E92771" controlTypeID="Icon" x="9" y="182" w="83" h="83" zOrder="1">
          <color>4294927872</color>
          <icon>
            <ID/>
            <iconFontName>jdIonicons</iconFontName>
            <iconCode>61951</iconCode>
          </icon>
          <URL>272406045191EFD41262383E38074218.svg</URL>
        </control>
        <control controlID="0C50FC2E-195B-4B74-B502-372D2DB247C5" controlTypeID="Label" x="0" y="0" w="217" h="64" zOrder="2">
          <font family="Segoe+UI" displayName="Segoe+UI" postScript="" weightStyle="Normal" weight="400" isBold="False" isItalic="False"/>
          <text>Going+to...</text>
          <textColor>4284900966</textColor>
          <textSize>48</textSize>
          <lineSpacing>0</lineSpacing>
          <useDefaultTextSize>False</useDefaultTextSize>
          <selectedIndex>-1</selectedIndex>
        </control>
        <control controlID="50F7D8DC-2D38-4805-B2D8-2D5970CC57CD" controlTypeID="Label" x="313" y="105" w="304" h="52" zOrder="3">
          <font family="Segoe+UI" displayName="Segoe+UI" postScript="" weightStyle="Normal" weight="400" isBold="False" isItalic="False"/>
          <text>Celine's+Groceries</text>
          <textColor>4284900966</textColor>
          <textSize>39</textSize>
          <lineSpacing>0</lineSpacing>
          <useDefaultTextSize>False</useDefaultTextSize>
          <selectedIndex>-1</selectedIndex>
        </control>
        <control controlID="9C901504-116F-4852-8BDC-366904BFD3B9" controlTypeID="Label" x="312" y="162" w="587" h="52" zOrder="4">
          <font family="Segoe+UI" displayName="Segoe+UI" postScript="" weightStyle="Normal" weight="400" isBold="False" isItalic="False"/>
          <text>Rue+de+Gen%C3%A8ve+18%2C+1003+Lausanne</text>
          <textColor>4284900966</textColor>
          <textSize>39</textSize>
          <lineSpacing>0</lineSpacing>
          <useDefaultTextSize>False</useDefaultTextSize>
          <selectedIndex>-1</selectedIndex>
        </control>
        <control controlID="CDEB9E16-F3D6-412F-BFCD-ED9C01CC9E86" controlTypeID="Label" x="312" y="219" w="453" h="52" zOrder="5">
          <font family="Segoe+UI" displayName="Segoe+UI" postScript="" weightStyle="Normal" weight="400" isBold="False" isItalic="False"/>
          <text>Open+today+7.30am+-+7pm</text>
          <textColor>4284900966</textColor>
          <textSize>39</textSize>
          <lineSpacing>0</lineSpacing>
          <useDefaultTextSize>False</useDefaultTextSize>
          <selectedIndex>-1</selectedIndex>
        </control>
      </groupChildrenDescriptors>
    </control>
    <control controlID="1D1E2AA3-BA6F-467D-9F8B-5A5769C801E8" controlTypeID="Icon" x="13" y="10" w="115" h="115" zOrder="4">
      <color>4294967295</color>
      <links eventType="AtClick" animate="AmNone" animateAutoDelay="0" animateDuration="0">
        <link targetPageID="06EB09E1-6DDB-4B25-B100-02EA424E5117" linkType="ltPageLink" isApplyIncludePage="False" title="Manage+Trips">
          <area shape="0" alt="" ID="{F6922A9B-A196-41E4-9082-865E9EC7279D}" coords="(0,0,115,115)"/>
        </link>
      </links>
      <icon>
        <ID/>
        <iconFontName>jdIonicons</iconFontName>
        <iconCode>62415</iconCode>
      </icon>
      <URL>D6859759E093AABA6D618DD6AA733504.svg</URL>
    </control>
    <control controlID="C6B46440-B4FB-4961-8305-C91B3929D50F" controlTypeID="IconLabel2" x="554" y="851" w="185" h="58" zOrder="5">
      <caption>Achievements</caption>
      <groupChildrenDescriptors>
        <control controlID="C8A17528-7B1C-482E-BE18-6E54C3286673" controlTypeID="Shape" x="0" y="4" w="50" h="50" zOrder="0">
          <canMove>False</canMove>
          <alias>shape</alias>
          <font family="Segoe+UI" displayName="Segoe+UI" postScript="" weightStyle="Normal" weight="400" isBold="False" isItalic="False"/>
          <textSize>14</textSize>
          <selectedIndex>-1</selectedIndex>
        </control>
        <control controlID="A54E6F70-A043-42BF-AF6E-18FEDA10102B" controlTypeID="Icon" x="0" y="4" w="50" h="50" zOrder="1">
          <color>4294927872</color>
          <canMove>False</canMove>
          <alias>icon</alias>
          <icon>
            <ID/>
            <iconFontName>jdFontAwesome</iconFontName>
            <iconCode>62096</iconCode>
          </icon>
          <URL>E6476C5B05119F5F60623A7C58E43966.svg</URL>
        </control>
        <control controlID="470F23CA-4848-402F-92B5-62A658DE18EE" controlTypeID="Label" x="54" y="2" w="131" h="54" zOrder="2">
          <canMove>False</canMove>
          <alias>label</alias>
          <font family="Segoe+UI" displayName="Segoe+UI" postScript="" weightStyle="Normal" weight="400" isBold="False" isItalic="False"/>
          <text>++7.5+Kg</text>
          <textColor>4284900966</textColor>
          <textSize>40</textSize>
          <textAlign>HaCenter</textAlign>
          <lineSpacing>0</lineSpacing>
          <useDefaultTextSize>False</useDefaultTextSize>
          <selectedIndex>-1</selectedIndex>
        </control>
        <control controlID="B29FD212-AF2A-4C56-861A-586CFAA6058B" controlTypeID="Shape" x="167" y="0" w="18" h="17" zOrder="3">
          <color>4294901760</color>
          <borderVisible>False</borderVisible>
          <canMove>False</canMove>
          <alias>alarm</alias>
          <font family="Segoe+UI" displayName="Segoe+UI" postScript="" weightStyle="Normal" weight="400" isBold="False" isItalic="False"/>
          <text>2</text>
          <textColor>4294967295</textColor>
          <textSize>11</textSize>
          <selectedIndex>-1</selectedIndex>
          <radius>100</radius>
          <radiusIsPercent>True</radiusIsPercent>
        </control>
      </groupChildrenDescriptors>
      <textDirection>MiTextRight</textDirection>
      <iconSize>50</iconSize>
    </control>
    <control controlID="E0419C1D-B0D2-4FAA-9740-B1E041A5E882" controlTypeID="IconLabel2" x="784" y="854" w="203" h="58" zOrder="6">
      <caption>Achievements</caption>
      <groupChildrenDescriptors>
        <control controlID="A989E378-E3D9-4361-82E0-0B72B6345B01" controlTypeID="Shape" x="0" y="4" w="50" h="50" zOrder="0">
          <canMove>False</canMove>
          <alias>shape</alias>
          <font family="Segoe+UI" displayName="Segoe+UI" postScript="" weightStyle="Normal" weight="400" isBold="False" isItalic="False"/>
          <textSize>14</textSize>
          <selectedIndex>-1</selectedIndex>
        </control>
        <control controlID="1DD5ACBB-D8B3-42A0-990F-423DC3AD7F04" controlTypeID="Icon" x="0" y="4" w="50" h="50" zOrder="1">
          <color>4294927872</color>
          <canMove>False</canMove>
          <alias>icon</alias>
          <icon>
            <ID/>
            <iconFontName>jdIonicons</iconFontName>
            <iconCode>62291</iconCode>
          </icon>
          <URL>02408E34A3EFDE5AD33D4DC61C896B5A.svg</URL>
        </control>
        <control controlID="64A5AE67-A794-4E82-8681-EA0D68FA4E0E" controlTypeID="Label" x="54" y="2" w="149" h="54" zOrder="2">
          <canMove>False</canMove>
          <alias>label</alias>
          <font family="Segoe+UI" displayName="Segoe+UI" postScript="" weightStyle="Normal" weight="400" isBold="False" isItalic="False"/>
          <text>++28+CHF</text>
          <textColor>4284900966</textColor>
          <textSize>40</textSize>
          <textAlign>HaCenter</textAlign>
          <lineSpacing>0</lineSpacing>
          <useDefaultTextSize>False</useDefaultTextSize>
          <selectedIndex>-1</selectedIndex>
        </control>
        <control controlID="06068166-354C-4D32-90F8-459EC41AB7A3" controlTypeID="Shape" x="185" y="0" w="18" h="17" zOrder="3">
          <color>4294901760</color>
          <borderVisible>False</borderVisible>
          <canMove>False</canMove>
          <alias>alarm</alias>
          <font family="Segoe+UI" displayName="Segoe+UI" postScript="" weightStyle="Normal" weight="400" isBold="False" isItalic="False"/>
          <text>2</text>
          <textColor>4294967295</textColor>
          <textSize>11</textSize>
          <selectedIndex>-1</selectedIndex>
          <radius>100</radius>
          <radiusIsPercent>True</radiusIsPercent>
        </control>
      </groupChildrenDescriptors>
      <textDirection>MiTextRight</textDirection>
      <iconSize>50</iconSize>
    </control>
    <control controlID="021F34AF-9009-4B75-88FC-FC6A6580C8AA" controlTypeID="Label" x="96" y="848" w="391" h="64" zOrder="7">
      <font family="Segoe+UI" displayName="Segoe+UI" postScript="" weightStyle="Normal" weight="400" isBold="False" isItalic="False"/>
      <text>Accepted+requests</text>
      <textColor>4284900966</textColor>
      <textSize>48</textSize>
      <lineSpacing>0</lineSpacing>
      <useDefaultTextSize>False</useDefaultTextSize>
      <selectedIndex>-1</selectedIndex>
    </control>
    <control controlID="D056C16C-8F22-4F9B-8D88-E3F5F4F65629" controlTypeID="__group__" x="96" y="1230" w="900" h="171" zOrder="8">
      <groupChildrenDescriptors>
        <control controlID="18BC69E3-E6FD-4556-AF5D-C4FFE4BF764E" controlTypeID="Shape" x="0" y="0" w="900" h="171" zOrder="0">
          <color>16777215</color>
          <font family="Segoe+UI" displayName="Segoe+UI" postScript="" weightStyle="Normal" weight="400" isBold="False" isItalic="False"/>
          <textSize>14</textSize>
          <selectedIndex>-1</selectedIndex>
          <radius>20</radius>
        </control>
        <control controlID="772B6218-EC0D-4E4C-AB6E-2F82BDF0416B" controlTypeID="AvatarEx2" x="29" y="35" w="100" h="100" zOrder="1">
          <icon>
            <ID/>
            <iconFontName>jdiconfontB</iconFontName>
            <iconCode>59652</iconCode>
          </icon>
          <URL>467605F5F90D9FF65132C1A6EF883F26.svg</URL>
        </control>
        <control controlID="9F55EF44-EFAB-4776-8DF0-627DCEE89FF1" controlTypeID="Label" x="154" y="57" w="80" h="56" zOrder="2">
          <font family="Segoe+UI" displayName="Segoe+UI" postScript="" weightStyle="Normal" weight="400" isBold="False" isItalic="False"/>
          <text>Fran</text>
          <textColor>4284900966</textColor>
          <textSize>42</textSize>
          <lineSpacing>0</lineSpacing>
          <useDefaultTextSize>False</useDefaultTextSize>
          <selectedIndex>-1</selectedIndex>
        </control>
        <control controlID="BE863CAF-3C1A-4BA3-A3E4-702E0601BC54" controlTypeID="Label" x="401" y="24" w="66" h="47" zOrder="3">
          <font family="Segoe+UI" displayName="Segoe+UI" postScript="" weightStyle="Normal" weight="400" isBold="False" isItalic="False"/>
          <text>1+kg</text>
          <textColor>4284900966</textColor>
          <textSize>35</textSize>
          <lineSpacing>0</lineSpacing>
          <useDefaultTextSize>False</useDefaultTextSize>
          <selectedIndex>-1</selectedIndex>
        </control>
        <control controlID="853CB865-2A18-47AE-BFBC-963D44CC297E" controlTypeID="Icon" x="333" y="27" w="40" h="40" zOrder="4">
          <icon>
            <ID/>
            <iconFontName>jdFontAwesome</iconFontName>
            <iconCode>62096</iconCode>
          </icon>
          <URL>E6476C5B05119F5F60623A7C58E43966.svg</URL>
        </control>
        <control controlID="4C68DB1A-CB37-465F-A6DE-78767610D8C0" controlTypeID="Icon" x="333" y="100" w="40" h="40" zOrder="5">
          <icon>
            <ID/>
            <iconFontName>jdIonicons</iconFontName>
            <iconCode>62395</iconCode>
          </icon>
          <URL>2DC4046875679DEA4111B47AE9385427.svg</URL>
        </control>
        <control controlID="7257F1A8-29E1-42A7-A73E-EC2BBBC6C7B4" controlTypeID="Label" x="405" y="95" w="87" h="47" zOrder="6">
          <font family="Segoe+UI" displayName="Segoe+UI" postScript="" weightStyle="Normal" weight="400" isBold="False" isItalic="False"/>
          <text>500m</text>
          <textColor>4284900966</textColor>
          <textSize>35</textSize>
          <lineSpacing>0</lineSpacing>
          <useDefaultTextSize>False</useDefaultTextSize>
          <selectedIndex>-1</selectedIndex>
        </control>
        <control controlID="ECF41B2C-CDD4-4E48-BA5B-D70380ECACBA" controlTypeID="IconLabel2" x="706" y="20" w="126" h="122" zOrder="7">
          <groupChildrenDescriptors>
            <control controlID="542C163D-8EDB-4ADC-9B9D-4256D5CF2E99" controlTypeID="Shape" x="23" y="0" w="80" h="80" zOrder="0">
              <canMove>False</canMove>
              <alias>shape</alias>
              <font family="Segoe+UI" displayName="Segoe+UI" postScript="" weightStyle="Normal" weight="400" isBold="False" isItalic="False"/>
              <textSize>14</textSize>
              <selectedIndex>-1</selectedIndex>
            </control>
            <control controlID="CC343965-6AC2-4CD5-90C6-316ECBC281D1" controlTypeID="Icon" x="23" y="0" w="80" h="80" zOrder="1">
              <canMove>False</canMove>
              <alias>icon</alias>
              <icon>
                <ID/>
                <iconFontName>jdIonicons</iconFontName>
                <iconCode>61723</iconCode>
              </icon>
              <URL>994EA47FD772D1BA4B603ECA9B32D18E.svg</URL>
            </control>
            <control controlID="FF905E2B-DC38-4D34-88A2-D6C3A875D010" controlTypeID="Label" x="2" y="84" w="122" h="38" zOrder="2">
              <canMove>False</canMove>
              <alias>label</alias>
              <font family="Segoe+UI" displayName="Segoe+UI" postScript="" weightStyle="Normal" weight="400" isBold="False" isItalic="False"/>
              <text>Comment</text>
              <textSize>28</textSize>
              <textAlign>HaCenter</textAlign>
              <lineSpacing>0</lineSpacing>
              <useDefaultTextSize>False</useDefaultTextSize>
              <selectedIndex>-1</selectedIndex>
            </control>
            <control controlID="9C54D9C3-947E-4D82-986C-AFE6B5B5692E" controlTypeID="Shape" x="98" y="0" w="28" h="27" zOrder="3">
              <color>4294901760</color>
              <borderVisible>False</borderVisible>
              <canMove>False</canMove>
              <alias>alarm</alias>
              <font family="Segoe+UI" displayName="Segoe+UI" postScript="" weightStyle="Normal" weight="400" isBold="False" isItalic="False"/>
              <text>2</text>
              <textColor>4294967295</textColor>
              <textSize>18</textSize>
              <selectedIndex>-1</selectedIndex>
              <radius>100</radius>
              <radiusIsPercent>True</radiusIsPercent>
            </control>
          </groupChildrenDescriptors>
          <iconSize>80</iconSize>
        </control>
        <control controlID="8DDF977F-7C40-4F60-9F0E-059A181039F4" controlTypeID="IconLabel2" x="572" y="20" w="84" h="122" zOrder="8">
          <groupChildrenDescriptors>
            <control controlID="C56A36FB-6214-4377-A9B7-623893D05C2F" controlTypeID="Shape" x="2" y="0" w="80" h="80" zOrder="0">
              <canMove>False</canMove>
              <alias>shape</alias>
              <font family="Segoe+UI" displayName="Segoe+UI" postScript="" weightStyle="Normal" weight="400" isBold="False" isItalic="False"/>
              <textSize>14</textSize>
              <selectedIndex>-1</selectedIndex>
            </control>
            <control controlID="21C72A6E-7666-44F7-AB31-DCE2C80E26C2" controlTypeID="Icon" x="2" y="0" w="80" h="80" zOrder="1">
              <canMove>False</canMove>
              <alias>icon</alias>
              <icon>
                <ID/>
                <iconFontName>jdIonicons</iconFontName>
                <iconCode>62547</iconCode>
              </icon>
              <URL>23C89C10F7B3376AE4E32DC5E7C501A2.svg</URL>
            </control>
            <control controlID="91401A94-A059-419E-A7A8-1D15216CC71C" controlTypeID="Label" x="8" y="84" w="68" h="38" zOrder="2">
              <canMove>False</canMove>
              <alias>label</alias>
              <font family="Segoe+UI" displayName="Segoe+UI" postScript="" weightStyle="Normal" weight="400" isBold="False" isItalic="False"/>
              <text>Items</text>
              <textSize>28</textSize>
              <textAlign>HaCenter</textAlign>
              <lineSpacing>0</lineSpacing>
              <useDefaultTextSize>False</useDefaultTextSize>
              <selectedIndex>-1</selectedIndex>
            </control>
            <control controlID="51A269D0-6517-44C4-A12E-56D8E7F8DC95" controlTypeID="Shape" x="56" y="0" w="28" h="27" zOrder="3">
              <color>4294901760</color>
              <borderVisible>False</borderVisible>
              <canMove>False</canMove>
              <alias>alarm</alias>
              <font family="Segoe+UI" displayName="Segoe+UI" postScript="" weightStyle="Normal" weight="400" isBold="False" isItalic="False"/>
              <text>2</text>
              <textColor>4294967295</textColor>
              <textSize>18</textSize>
              <selectedIndex>-1</selectedIndex>
              <radius>100</radius>
              <radiusIsPercent>True</radiusIsPercent>
            </control>
          </groupChildrenDescriptors>
          <iconSize>80</iconSize>
        </control>
      </groupChildrenDescriptors>
    </control>
    <control controlID="869F8563-A66E-4060-97BB-7F18025AE367" controlTypeID="__group__" x="96" y="1020" w="900" h="171" zOrder="9">
      <groupChildrenDescriptors>
        <control controlID="9B1D2F67-8F97-4EBA-A0B4-7992E518051A" controlTypeID="Shape" x="0" y="0" w="900" h="171" zOrder="0">
          <color>16777215</color>
          <font family="Segoe+UI" displayName="Segoe+UI" postScript="" weightStyle="Normal" weight="400" isBold="False" isItalic="False"/>
          <textSize>14</textSize>
          <selectedIndex>-1</selectedIndex>
          <radius>20</radius>
        </control>
        <control controlID="798617C5-BB70-4DC2-A602-7F4E8DE75427" controlTypeID="AvatarEx2" x="29" y="35" w="100" h="100" zOrder="1">
          <icon>
            <ID/>
            <iconFontName>jdiconfontB</iconFontName>
            <iconCode>59652</iconCode>
          </icon>
          <URL>467605F5F90D9FF65132C1A6EF883F26.svg</URL>
        </control>
        <control controlID="AB62BA3B-6E5E-4F1D-B252-E5ADADF2F872" controlTypeID="Label" x="154" y="57" w="128" h="56" zOrder="2">
          <color>10066329</color>
          <font family="Segoe+UI" displayName="Segoe+UI" postScript="" weightStyle="Normal" weight="400" isBold="False" isItalic="False"/>
          <text>Stratos</text>
          <textColor>4284900966</textColor>
          <textSize>42</textSize>
          <lineSpacing>0</lineSpacing>
          <useDefaultTextSize>False</useDefaultTextSize>
          <selectedIndex>-1</selectedIndex>
        </control>
        <control controlID="62503835-1140-4BBB-85EA-8F97BFDE97D0" controlTypeID="Label" x="401" y="24" w="93" h="47" zOrder="3">
          <font family="Segoe+UI" displayName="Segoe+UI" postScript="" weightStyle="Normal" weight="400" isBold="False" isItalic="False"/>
          <text>1.5+kg</text>
          <textColor>4284900966</textColor>
          <textSize>35</textSize>
          <lineSpacing>0</lineSpacing>
          <useDefaultTextSize>False</useDefaultTextSize>
          <selectedIndex>-1</selectedIndex>
        </control>
        <control controlID="A572A191-1D0B-4D52-A4FB-4239A9124D80" controlTypeID="Icon" x="333" y="27" w="40" h="40" zOrder="4">
          <icon>
            <ID/>
            <iconFontName>jdFontAwesome</iconFontName>
            <iconCode>62096</iconCode>
          </icon>
          <URL>E6476C5B05119F5F60623A7C58E43966.svg</URL>
        </control>
        <control controlID="1465E438-776F-4F75-B36A-714436FB318D" controlTypeID="Icon" x="333" y="100" w="40" h="40" zOrder="5">
          <icon>
            <ID/>
            <iconFontName>jdIonicons</iconFontName>
            <iconCode>62395</iconCode>
          </icon>
          <URL>2DC4046875679DEA4111B47AE9385427.svg</URL>
        </control>
        <control controlID="84A2617A-1AFF-47A1-9BF2-85DEDA1D4DB8" controlTypeID="Label" x="405" y="95" w="87" h="47" zOrder="6">
          <font family="Segoe+UI" displayName="Segoe+UI" postScript="" weightStyle="Normal" weight="400" isBold="False" isItalic="False"/>
          <text>720m</text>
          <textColor>4284900966</textColor>
          <textSize>35</textSize>
          <lineSpacing>0</lineSpacing>
          <useDefaultTextSize>False</useDefaultTextSize>
          <selectedIndex>-1</selectedIndex>
        </control>
        <control controlID="578C4FA5-D722-43B4-AFFB-88D6DF79148E" controlTypeID="IconLabel2" x="713" y="24" w="126" h="122" zOrder="7">
          <groupChildrenDescriptors>
            <control controlID="970B10A2-11ED-4635-965B-254BADAA4BD9" controlTypeID="Shape" x="23" y="0" w="80" h="80" zOrder="0">
              <canMove>False</canMove>
              <alias>shape</alias>
              <font family="Segoe+UI" displayName="Segoe+UI" postScript="" weightStyle="Normal" weight="400" isBold="False" isItalic="False"/>
              <textSize>14</textSize>
              <selectedIndex>-1</selectedIndex>
            </control>
            <control controlID="E0A2E410-6C67-444D-A1C7-5E08EBB867C4" controlTypeID="Icon" x="23" y="0" w="80" h="80" zOrder="1">
              <canMove>False</canMove>
              <alias>icon</alias>
              <icon>
                <ID/>
                <iconFontName>jdIonicons</iconFontName>
                <iconCode>61723</iconCode>
              </icon>
              <URL>994EA47FD772D1BA4B603ECA9B32D18E.svg</URL>
            </control>
            <control controlID="FE3B3C2C-F005-4B05-9049-C33C3188B680" controlTypeID="Label" x="2" y="84" w="122" h="38" zOrder="2">
              <canMove>False</canMove>
              <alias>label</alias>
              <font family="Segoe+UI" displayName="Segoe+UI" postScript="" weightStyle="Normal" weight="400" isBold="False" isItalic="False"/>
              <text>Comment</text>
              <textSize>28</textSize>
              <textAlign>HaCenter</textAlign>
              <lineSpacing>0</lineSpacing>
              <useDefaultTextSize>False</useDefaultTextSize>
              <selectedIndex>-1</selectedIndex>
            </control>
            <control controlID="940B8434-2544-46A9-A893-1DC264C9EBEE" controlTypeID="Shape" x="98" y="0" w="28" h="27" zOrder="3">
              <color>4294901760</color>
              <borderVisible>False</borderVisible>
              <canMove>False</canMove>
              <alias>alarm</alias>
              <font family="Segoe+UI" displayName="Segoe+UI" postScript="" weightStyle="Normal" weight="400" isBold="False" isItalic="False"/>
              <text>2</text>
              <textColor>4294967295</textColor>
              <textSize>18</textSize>
              <selectedIndex>-1</selectedIndex>
              <radius>100</radius>
              <radiusIsPercent>True</radiusIsPercent>
            </control>
          </groupChildrenDescriptors>
          <iconSize>80</iconSize>
        </control>
        <control controlID="0CD3B087-F799-4A12-BE01-417F518C80A2" controlTypeID="IconLabel2" x="579" y="24" w="84" h="122" zOrder="8">
          <groupChildrenDescriptors>
            <control controlID="0040D598-084C-49D6-AEC1-60BE745EEFE4" controlTypeID="Shape" x="2" y="0" w="80" h="80" zOrder="0">
              <canMove>False</canMove>
              <alias>shape</alias>
              <font family="Segoe+UI" displayName="Segoe+UI" postScript="" weightStyle="Normal" weight="400" isBold="False" isItalic="False"/>
              <textSize>14</textSize>
              <selectedIndex>-1</selectedIndex>
            </control>
            <control controlID="3528C245-6CE5-4F1D-8E17-10A90CC6F215" controlTypeID="Icon" x="2" y="0" w="80" h="80" zOrder="1">
              <canMove>False</canMove>
              <alias>icon</alias>
              <icon>
                <ID/>
                <iconFontName>jdIonicons</iconFontName>
                <iconCode>62547</iconCode>
              </icon>
              <URL>23C89C10F7B3376AE4E32DC5E7C501A2.svg</URL>
            </control>
            <control controlID="DE490EB0-ACD4-4FE9-8A1A-D2D637750854" controlTypeID="Label" x="8" y="84" w="68" h="38" zOrder="2">
              <canMove>False</canMove>
              <alias>label</alias>
              <font family="Segoe+UI" displayName="Segoe+UI" postScript="" weightStyle="Normal" weight="400" isBold="False" isItalic="False"/>
              <text>Items</text>
              <textSize>28</textSize>
              <textAlign>HaCenter</textAlign>
              <lineSpacing>0</lineSpacing>
              <useDefaultTextSize>False</useDefaultTextSize>
              <selectedIndex>-1</selectedIndex>
            </control>
            <control controlID="8C986C4D-DB43-439E-B8C0-3BD664529C3D" controlTypeID="Shape" x="56" y="0" w="28" h="27" zOrder="3">
              <color>4294901760</color>
              <borderVisible>False</borderVisible>
              <canMove>False</canMove>
              <alias>alarm</alias>
              <font family="Segoe+UI" displayName="Segoe+UI" postScript="" weightStyle="Normal" weight="400" isBold="False" isItalic="False"/>
              <text>2</text>
              <textColor>4294967295</textColor>
              <textSize>18</textSize>
              <selectedIndex>-1</selectedIndex>
              <radius>100</radius>
              <radiusIsPercent>True</radiusIsPercent>
            </control>
          </groupChildrenDescriptors>
          <iconSize>80</iconSize>
        </control>
      </groupChildrenDescriptors>
    </control>
  </controls>
  <param>
    <backgroundColor>4294967295</backgroundColor>
    <fontSize>0</fontSize>
    <fontFamily/>
    <guideLines/>
  </param>
</mockup>