<mockup version="5.3" minAllowVersion="5.3" ID="A7A2E4E4-1B05-4220-93D8-E9868E0F23C3" platform="MtMobile" defaultW="1080" defaultH="1960" measureW="1080" measureH="1960" screenOrientation="MoPortrait" mobileScreenScale="1.77777779102325" clipArea="(0,0,0,0)">
  <controls controlCount="68">
    <control controlID="998B6565-5C12-47CE-ABBF-861E43FAB16E" controlTypeID="Shape" x="0" y="0" w="1080" h="438" zOrder="0">
      <color>4294927872</color>
      <borderColor>6710886</borderColor>
      <font family="Segoe+UI" displayName="Segoe+UI" postScript="" weightStyle="Regular" weight="400" isBold="False" isItalic="False"/>
      <textColor>4294927872</textColor>
      <textSize>14</textSize>
      <selectedIndex>-1</selectedIndex>
    </control>
    <control controlID="CA7973BE-7253-492D-9628-FFBDAC342B6C" controlTypeID="Shape" x="-2" y="0" w="1080" h="862" zOrder="1">
      <color>402653183</color>
      <borderColor>6710886</borderColor>
      <font family="Segoe+UI" displayName="Segoe+UI" postScript="" weightStyle="Regular" weight="400" isBold="False" isItalic="False"/>
      <textSize>14</textSize>
      <selectedIndex>-1</selectedIndex>
      <shapeBorderType>SbTriangle</shapeBorderType>
      <triangleType>TdNinety</triangleType>
    </control>
    <control controlID="69D75749-3F10-4F71-B5EE-3BBAFEE45B5E" controlTypeID="Label" x="100" y="279" w="415" h="96" zOrder="2">
      <font family="Segoe+UI" displayName="Segoe+UI+Bold" postScript="" weightStyle="Bold" weight="700" isBold="True" isItalic="False"/>
      <text>Manage+trip</text>
      <textColor>4294967295</textColor>
      <textSize>72</textSize>
      <lineSpacing>0</lineSpacing>
      <textStyles>[fsBold]</textStyles>
      <useDefaultTextSize>False</useDefaultTextSize>
      <selectedIndex>-1</selectedIndex>
    </control>
    <control controlID="7110B667-B582-4EE2-AAAD-55C6D0BDCBA4" controlTypeID="Circle" x="772" y="343" w="177" h="177" zOrder="3">
      <font family="Segoe+UI" displayName="Segoe+UI" postScript="" weightStyle="Regular" weight="400" isBold="False" isItalic="False" useDefaultFontFamily="False"/>
      <textSize>14</textSize>
      <selectedIndex>-1</selectedIndex>
      <shapeBorderType>SbEllipse</shapeBorderType>
      <dashMode>SdDash</dashMode>
    </control>
    <control controlID="F1C459E1-AFAE-42B2-8985-2B2DF3741F91" controlTypeID="Icon" x="821" y="391" w="80" h="80" zOrder="4">
      <icon>
        <ID/>
        <iconFontName>jdIonicons</iconFontName>
        <iconCode>62334</iconCode>
      </icon>
      <URL>69A4D1E5CE13432C6A4F579026917C6A.svg</URL>
    </control>
    <control controlID="B7571C36-486E-4FAB-9F60-6D6B387BDC3D" controlTypeID="__group__" x="88" y="484" w="931" h="590" zOrder="5">
      <groupChildrenDescriptors>
        <control controlID="B4D3FFCC-3088-4F7B-9831-ADA1E0266E51" controlTypeID="__group__" x="0" y="105" w="917" h="355" zOrder="0">
          <groupChildrenDescriptors>
            <control controlID="7A6DE3E2-2EC3-4771-AECE-7EF380434A9C" controlTypeID="Map" x="0" y="105" w="286" h="246" zOrder="0"/>
            <control controlID="F2471237-CCE2-4CED-A859-2597B25FF796" controlTypeID="Icon" x="21" y="218" w="94" h="94" zOrder="1">
              <color>4294927872</color>
              <icon>
                <ID/>
                <iconFontName>jdIonicons</iconFontName>
                <iconCode>61951</iconCode>
              </icon>
              <URL>272406045191EFD41262383E38074218.svg</URL>
            </control>
            <control controlID="B2D2D869-1E29-4582-A82E-A3AE9835B31D" controlTypeID="Label" x="6" y="0" w="461" h="64" zOrder="2">
              <font family="Segoe+UI" displayName="Segoe+UI" postScript="" weightStyle="Regular" weight="400" isBold="False" isItalic="False"/>
              <text>I'm+visiting+the+store...</text>
              <textColor>4284900966</textColor>
              <textSize>48</textSize>
              <lineSpacing>0</lineSpacing>
              <useDefaultTextSize>False</useDefaultTextSize>
              <selectedIndex>-1</selectedIndex>
            </control>
            <control controlID="1D7736CB-A044-42E7-B4CF-95329052AEF8" controlTypeID="Label" x="331" y="103" w="304" h="52" zOrder="3">
              <font family="Segoe+UI" displayName="Segoe+UI" postScript="" weightStyle="Regular" weight="400" isBold="False" isItalic="False"/>
              <text>Celine's+Groceries</text>
              <textColor>4284900966</textColor>
              <textSize>39</textSize>
              <lineSpacing>0</lineSpacing>
              <useDefaultTextSize>False</useDefaultTextSize>
              <selectedIndex>-1</selectedIndex>
            </control>
            <control controlID="0ABC68B5-9321-470B-BF1B-42AB49C49170" controlTypeID="Label" x="330" y="160" w="587" h="52" zOrder="4">
              <font family="Segoe+UI" displayName="Segoe+UI" postScript="" weightStyle="Regular" weight="400" isBold="False" isItalic="False"/>
              <text>Rue+de+Gen%C3%A8ve+18%2C+1003+Lausanne</text>
              <textColor>4284900966</textColor>
              <textSize>39</textSize>
              <lineSpacing>0</lineSpacing>
              <useDefaultTextSize>False</useDefaultTextSize>
              <selectedIndex>-1</selectedIndex>
            </control>
            <control controlID="0D5D7147-965C-4FA9-9CD3-97E0B9A4F0C1" controlTypeID="Label" x="330" y="217" w="453" h="52" zOrder="5">
              <font family="Segoe+UI" displayName="Segoe+UI" postScript="" weightStyle="Regular" weight="400" isBold="False" isItalic="False"/>
              <text>Open+today+7.30am+-+7pm</text>
              <textColor>4284900966</textColor>
              <textSize>39</textSize>
              <lineSpacing>0</lineSpacing>
              <useDefaultTextSize>False</useDefaultTextSize>
              <selectedIndex>-1</selectedIndex>
            </control>
            <control controlID="10DA6B13-B4A7-4B77-837A-F447293A4AB9" controlTypeID="Label" x="388" y="303" w="134" h="52" zOrder="6">
              <font family="Segoe+UI" displayName="Segoe+UI" postScript="" weightStyle="Regular" weight="400" isBold="False" isItalic="False"/>
              <text>15+mins</text>
              <textColor>4284900966</textColor>
              <textSize>39</textSize>
              <lineSpacing>0</lineSpacing>
              <useDefaultTextSize>False</useDefaultTextSize>
              <selectedIndex>-1</selectedIndex>
            </control>
            <control controlID="866928CB-0F28-4B67-84A1-25B9D0B98C7B" controlTypeID="Icon" x="330" y="305" w="48" h="48" zOrder="7">
              <icon>
                <ID/>
                <iconFontName>jdIonicons</iconFontName>
                <iconCode>62319</iconCode>
              </icon>
              <URL>7241B4F9C5A932A284647E182C3E01FF.svg</URL>
            </control>
          </groupChildrenDescriptors>
        </control>
        <control controlID="7F7914EE-C764-4049-8A0A-6F8EB8C24B6E" controlTypeID="Icon" x="377" y="513" w="77" h="77" zOrder="1">
          <color>4294927872</color>
          <icon>
            <ID/>
            <iconFontName>jdIonicons</iconFontName>
            <iconCode>62387</iconCode>
          </icon>
          <URL>0CCFED0BD1BC3BB4D610117937314139.svg</URL>
        </control>
        <control controlID="D83A814D-627B-4E45-9B10-E7B442A2C1E3" controlTypeID="Icon" x="14" y="513" w="77" h="77" zOrder="2">
          <color>4294927872</color>
          <icon>
            <ID/>
            <iconFontName>jdIonicons</iconFontName>
            <iconCode>62161</iconCode>
          </icon>
          <URL>524D9A41776CD1EF98956BB68F9875AC.svg</URL>
        </control>
        <control controlID="555FE3A8-B04B-4518-A051-80F81DF8AAC4" controlTypeID="Label" x="140" y="522" w="193" h="64" zOrder="3">
          <font family="Segoe+UI" displayName="Segoe+UI" postScript="" weightStyle="Regular" weight="400" isBold="False" isItalic="False"/>
          <text>6%2F4%2F2020</text>
          <textColor>4284900966</textColor>
          <textSize>48</textSize>
          <lineSpacing>0</lineSpacing>
          <useDefaultTextSize>False</useDefaultTextSize>
          <selectedIndex>-1</selectedIndex>
        </control>
        <control controlID="844FD8A1-2ADD-4C42-A4E6-DBD983305CF1" controlTypeID="Label" x="493" y="520" w="114" h="64" zOrder="4">
          <font family="Segoe+UI" displayName="Segoe+UI" postScript="" weightStyle="Regular" weight="400" isBold="False" isItalic="False"/>
          <text>14%3A35</text>
          <textColor>4284900966</textColor>
          <textSize>48</textSize>
          <lineSpacing>0</lineSpacing>
          <useDefaultTextSize>False</useDefaultTextSize>
          <selectedIndex>-1</selectedIndex>
        </control>
        <control controlID="F1DB36D8-B58F-4BDA-B93E-73892CB93977" controlTypeID="Label" x="0" y="0" w="257" h="72" zOrder="5">
          <font family="Segoe+UI" displayName="Segoe+UI" postScript="" weightStyle="Regular" weight="400" isBold="False" isItalic="False"/>
          <text>Trip+details</text>
          <textColor>4281545523</textColor>
          <textSize>54</textSize>
          <lineSpacing>0</lineSpacing>
          <useDefaultTextSize>False</useDefaultTextSize>
          <selectedIndex>-1</selectedIndex>
        </control>
        <control controlID="8959C1E7-D062-499B-B9B3-1D451EBF7E4C" controlTypeID="Icon" x="657" y="507" w="77" h="77" zOrder="6">
          <color>4294927872</color>
          <icon>
            <ID/>
            <iconFontName>jdIonicons</iconFontName>
            <iconCode>61712</iconCode>
          </icon>
          <URL>BD4E616381CC9655F320253658F38FF1.svg</URL>
        </control>
        <control controlID="43FE2C2D-6BE0-4E7E-8E7C-BCFA32633890" controlTypeID="Label" x="769" y="520" w="162" h="64" zOrder="7">
          <font family="Segoe+UI" displayName="Segoe+UI" postScript="" weightStyle="Regular" weight="400" isBold="False" isItalic="False"/>
          <text>3-10+kg</text>
          <textColor>4284900966</textColor>
          <textSize>48</textSize>
          <lineSpacing>0</lineSpacing>
          <useDefaultTextSize>False</useDefaultTextSize>
          <selectedIndex>-1</selectedIndex>
        </control>
      </groupChildrenDescriptors>
    </control>
    <control controlID="5DD69DF0-FFC7-487A-9AD8-529783682062" controlTypeID="Label" x="100" y="1249" w="411" h="72" zOrder="6">
      <font family="Segoe+UI" displayName="Segoe+UI" postScript="" weightStyle="Regular" weight="400" isBold="False" isItalic="False"/>
      <text>Pending+requests</text>
      <textColor>4281545523</textColor>
      <textSize>54</textSize>
      <lineSpacing>0</lineSpacing>
      <useDefaultTextSize>False</useDefaultTextSize>
      <selectedIndex>-1</selectedIndex>
    </control>
    <control controlID="31283F85-F6BF-4A7F-B080-810164D27A41" controlTypeID="__group__" x="88" y="1344" w="900" h="171" zOrder="7">
      <groupChildrenDescriptors>
        <control controlID="4A248934-0CB8-4038-88D2-931345DCBFF4" controlTypeID="Shape" x="0" y="0" w="900" h="171" zOrder="0">
          <color>16777215</color>
          <font family="Segoe+UI" displayName="Segoe+UI" postScript="" weightStyle="Regular" weight="400" isBold="False" isItalic="False"/>
          <textSize>14</textSize>
          <selectedIndex>-1</selectedIndex>
          <radius>20</radius>
        </control>
        <control controlID="AB5E6FE4-6E93-4AFC-867B-B2674AF6B8EC" controlTypeID="AvatarEx2" x="29" y="35" w="100" h="100" zOrder="1">
          <icon>
            <ID/>
            <iconFontName>jdiconfontB</iconFontName>
            <iconCode>59652</iconCode>
          </icon>
          <URL>467605F5F90D9FF65132C1A6EF883F26.svg</URL>
        </control>
        <control controlID="77EABBE2-DDCB-41BF-B397-F03FBFC1242F" controlTypeID="Label" x="154" y="57" w="80" h="56" zOrder="2">
          <font family="Segoe+UI" displayName="Segoe+UI" postScript="" weightStyle="Regular" weight="400" isBold="False" isItalic="False"/>
          <text>Fran</text>
          <textColor>4284900966</textColor>
          <textSize>42</textSize>
          <lineSpacing>0</lineSpacing>
          <useDefaultTextSize>False</useDefaultTextSize>
          <selectedIndex>-1</selectedIndex>
        </control>
        <control controlID="E5A47DE2-9DED-47E5-AF57-A82BAAE7756B" controlTypeID="Label" x="401" y="24" w="66" h="47" zOrder="3">
          <font family="Segoe+UI" displayName="Segoe+UI" postScript="" weightStyle="Regular" weight="400" isBold="False" isItalic="False"/>
          <text>1+kg</text>
          <textColor>4284900966</textColor>
          <textSize>35</textSize>
          <lineSpacing>0</lineSpacing>
          <useDefaultTextSize>False</useDefaultTextSize>
          <selectedIndex>-1</selectedIndex>
        </control>
        <control controlID="DA7EC059-37B4-44E9-A27B-D63CACD950DD" controlTypeID="Icon" x="333" y="27" w="40" h="40" zOrder="4">
          <icon>
            <ID/>
            <iconFontName>jdFontAwesome</iconFontName>
            <iconCode>62096</iconCode>
          </icon>
          <URL>E6476C5B05119F5F60623A7C58E43966.svg</URL>
        </control>
        <control controlID="CCF453ED-5F4A-42E5-9433-08322FB07339" controlTypeID="Icon" x="333" y="100" w="40" h="40" zOrder="5">
          <icon>
            <ID/>
            <iconFontName>jdIonicons</iconFontName>
            <iconCode>62395</iconCode>
          </icon>
          <URL>2DC4046875679DEA4111B47AE9385427.svg</URL>
        </control>
        <control controlID="AD3F3687-403F-46CE-A759-05F3F0E06B0C" controlTypeID="Label" x="405" y="95" w="87" h="47" zOrder="6">
          <font family="Segoe+UI" displayName="Segoe+UI" postScript="" weightStyle="Regular" weight="400" isBold="False" isItalic="False"/>
          <text>500m</text>
          <textColor>4284900966</textColor>
          <textSize>35</textSize>
          <lineSpacing>0</lineSpacing>
          <useDefaultTextSize>False</useDefaultTextSize>
          <selectedIndex>-1</selectedIndex>
        </control>
        <control controlID="F3CA41B9-4D42-42A8-9FC5-CF15551A1D47" controlTypeID="Icon" x="683" y="54" w="53" h="53" zOrder="7">
          <color>4288256409</color>
          <icon>
            <ID/>
            <iconFontName>jdIonicons</iconFontName>
            <iconCode>62167</iconCode>
          </icon>
          <URL>8BE3C7AC8FBB1747163ECAB9AB46AD44.svg</URL>
        </control>
        <control controlID="68143B84-6CE4-4702-9C12-7742DAC5EDDE" controlTypeID="Icon" x="579" y="50" w="59" h="59" zOrder="8">
          <color>4288256409</color>
          <icon>
            <ID/>
            <iconFontName>jdIonicons</iconFontName>
            <iconCode>61730</iconCode>
          </icon>
          <URL>C9606865F1B98473634269C3BD154981.svg</URL>
        </control>
        <control controlID="D96EC5FA-A388-4F0E-90C2-071DA7A0CE23" controlTypeID="Icon" x="776" y="40" w="80" h="80" zOrder="9">
          <color>4288256409</color>
          <icon>
            <ID/>
            <iconFontName>jdIonicons</iconFontName>
            <iconCode>61747</iconCode>
          </icon>
          <URL>95808BE677799CD413353FF189D8AB9B.svg</URL>
        </control>
      </groupChildrenDescriptors>
    </control>
    <control controlID="1C1D76D8-AA63-485D-B371-E6B6B533474A" controlTypeID="__group__" x="88" y="1539" w="900" h="171" zOrder="8">
      <groupChildrenDescriptors>
        <control controlID="E8173BF3-A6C1-4427-A591-C36915D09263" controlTypeID="Shape" x="0" y="0" w="900" h="171" zOrder="0">
          <color>16777215</color>
          <font family="Segoe+UI" displayName="Segoe+UI" postScript="" weightStyle="Regular" weight="400" isBold="False" isItalic="False"/>
          <textSize>14</textSize>
          <selectedIndex>-1</selectedIndex>
          <radius>20</radius>
        </control>
        <control controlID="8E84B4CD-3680-484C-B6C6-5DC0770156B1" controlTypeID="AvatarEx2" x="29" y="35" w="100" h="100" zOrder="1">
          <icon>
            <ID/>
            <iconFontName>jdiconfontB</iconFontName>
            <iconCode>59652</iconCode>
          </icon>
          <URL>467605F5F90D9FF65132C1A6EF883F26.svg</URL>
        </control>
        <control controlID="925DA9A9-D3C3-4423-9A1A-6ACC34579971" controlTypeID="Label" x="154" y="57" w="128" h="56" zOrder="2">
          <color>10066329</color>
          <font family="Segoe+UI" displayName="Segoe+UI" postScript="" weightStyle="Regular" weight="400" isBold="False" isItalic="False"/>
          <text>Stratos</text>
          <textColor>4284900966</textColor>
          <textSize>42</textSize>
          <lineSpacing>0</lineSpacing>
          <useDefaultTextSize>False</useDefaultTextSize>
          <selectedIndex>-1</selectedIndex>
        </control>
        <control controlID="EF2AA2C9-6D64-4EF4-A69B-04BDBB750B3C" controlTypeID="Label" x="401" y="24" w="93" h="47" zOrder="3">
          <font family="Segoe+UI" displayName="Segoe+UI" postScript="" weightStyle="Regular" weight="400" isBold="False" isItalic="False"/>
          <text>1.5+kg</text>
          <textColor>4284900966</textColor>
          <textSize>35</textSize>
          <lineSpacing>0</lineSpacing>
          <useDefaultTextSize>False</useDefaultTextSize>
          <selectedIndex>-1</selectedIndex>
        </control>
        <control controlID="309B3897-E1A7-498A-971E-EEACF9B7F185" controlTypeID="Icon" x="333" y="27" w="40" h="40" zOrder="4">
          <icon>
            <ID/>
            <iconFontName>jdFontAwesome</iconFontName>
            <iconCode>62096</iconCode>
          </icon>
          <URL>E6476C5B05119F5F60623A7C58E43966.svg</URL>
        </control>
        <control controlID="04C24125-A559-40B9-A29B-3FE1FE9B53D5" controlTypeID="Icon" x="333" y="100" w="40" h="40" zOrder="5">
          <icon>
            <ID/>
            <iconFontName>jdIonicons</iconFontName>
            <iconCode>62395</iconCode>
          </icon>
          <URL>2DC4046875679DEA4111B47AE9385427.svg</URL>
        </control>
        <control controlID="5635F638-927B-452F-A92C-B91F5E14D0AD" controlTypeID="Label" x="405" y="95" w="87" h="47" zOrder="6">
          <font family="Segoe+UI" displayName="Segoe+UI" postScript="" weightStyle="Regular" weight="400" isBold="False" isItalic="False"/>
          <text>720m</text>
          <textColor>4284900966</textColor>
          <textSize>35</textSize>
          <lineSpacing>0</lineSpacing>
          <useDefaultTextSize>False</useDefaultTextSize>
          <selectedIndex>-1</selectedIndex>
        </control>
        <control controlID="FE1563C5-19FF-4EBD-8959-334099820F28" controlTypeID="Icon" x="683" y="54" w="53" h="53" zOrder="7">
          <color>4288256409</color>
          <icon>
            <ID/>
            <iconFontName>jdIonicons</iconFontName>
            <iconCode>62167</iconCode>
          </icon>
          <URL>8BE3C7AC8FBB1747163ECAB9AB46AD44.svg</URL>
        </control>
        <control controlID="D2F12B85-3C84-4697-A20F-CA00068F0C3E" controlTypeID="Icon" x="579" y="50" w="59" h="59" zOrder="8">
          <color>4288256409</color>
          <icon>
            <ID/>
            <iconFontName>jdIonicons</iconFontName>
            <iconCode>61730</iconCode>
          </icon>
          <URL>C9606865F1B98473634269C3BD154981.svg</URL>
        </control>
        <control controlID="6E8E90E8-40E6-4A8E-A159-67BC11EFAFB1" controlTypeID="Icon" x="776" y="40" w="80" h="80" zOrder="9">
          <color>4288256409</color>
          <icon>
            <ID/>
            <iconFontName>jdIonicons</iconFontName>
            <iconCode>61747</iconCode>
          </icon>
          <URL>95808BE677799CD413353FF189D8AB9B.svg</URL>
        </control>
      </groupChildrenDescriptors>
    </control>
    <control controlID="5D290873-985E-4691-86E5-1662A4CF0318" controlTypeID="Label" x="610" y="1717" w="378" h="54" zOrder="9">
      <font family="Segoe+UI" displayName="Segoe+UI" postScript="" weightStyle="Regular" weight="400" isBold="False" isItalic="False"/>
      <text>View+all+(3)+requests...</text>
      <textColor>4284900966</textColor>
      <textSize>40</textSize>
      <textAlign>HaRight</textAlign>
      <lineSpacing>0</lineSpacing>
      <useDefaultTextSize>False</useDefaultTextSize>
      <selectedIndex>-1</selectedIndex>
    </control>
    <control controlID="690EBC70-8985-4014-8194-795FEDD68676" controlTypeID="Icon" x="11" y="10" w="115" h="115" zOrder="10">
      <color>4294967295</color>
      <links eventType="AtClick" animate="AmNone" animateAutoDelay="0" animateDuration="0">
        <link targetPageID="06EB09E1-6DDB-4B25-B100-02EA424E5117" linkType="ltPageLink" isApplyIncludePage="False" title="Manage+Trips">
          <area shape="0" alt="" ID="{F6922A9B-A196-41E4-9082-865E9EC7279D}" coords="(0,0,115,115)"/>
        </link>
      </links>
      <icon>
        <ID/>
        <iconFontName>jdIonicons</iconFontName>
        <iconCode>62415</iconCode>
      </icon>
      <URL>D6859759E093AABA6D618DD6AA733504.svg</URL>
    </control>
    <control controlID="291034AB-077D-4964-9F3F-AF7F6C47BC26" controlTypeID="IconLabel2" x="208" y="1831" w="64" h="102" zOrder="11">
      <caption>Alerts</caption>
      <links eventType="AtClick" animate="AmSlideRight" animateAutoDelay="0" animateDuration="20">
        <link targetPageID="E95BE094-0076-4FA4-BA67-DC09521BB7DD" linkType="ltPageLink" isApplyIncludePage="False" title="Map">
          <area shape="0" alt="" ID="{DAFFDD88-334D-4710-ACC2-C42E9932D6BF}" coords="(0,0,64,102)"/>
        </link>
      </links>
      <groupChildrenDescriptors>
        <control controlID="AD83D82D-8FFF-415D-8464-DDB27CE02922" controlTypeID="Shape" x="2" y="0" w="60" h="60" zOrder="0">
          <canMove>False</canMove>
          <alias>shape</alias>
          <font family="Segoe+UI" displayName="Segoe+UI" postScript="" weightStyle="Regular" weight="400" isBold="False" isItalic="False"/>
          <textSize>14</textSize>
          <selectedIndex>-1</selectedIndex>
        </control>
        <control controlID="43573B65-1CF1-4C4E-9EC6-3E1CEFED6987" controlTypeID="Icon" x="2" y="0" w="60" h="60" zOrder="1">
          <canMove>False</canMove>
          <alias>icon</alias>
          <icon>
            <ID/>
            <iconFontName>jdIonicons</iconFontName>
            <iconCode>62348</iconCode>
          </icon>
          <URL>C9A19AEA8333861081ABFD164D361FEF.svg</URL>
        </control>
        <control controlID="8903C091-9FF9-444D-B45D-FCD8205A19F8" controlTypeID="Label" x="4" y="64" w="56" h="38" zOrder="2">
          <canMove>False</canMove>
          <alias>label</alias>
          <font family="Segoe+UI" displayName="Segoe+UI" postScript="" weightStyle="Regular" weight="400" isBold="False" isItalic="False"/>
          <text>Map</text>
          <textColor>4284900966</textColor>
          <textSize>28</textSize>
          <textAlign>HaCenter</textAlign>
          <lineSpacing>0</lineSpacing>
          <useDefaultTextSize>False</useDefaultTextSize>
          <selectedIndex>-1</selectedIndex>
        </control>
        <control controlID="EA4253ED-42D9-4495-9DA4-3402EFB46F41" controlTypeID="Shape" x="43" y="0" w="21" h="20" zOrder="3">
          <color>4294901760</color>
          <borderVisible>False</borderVisible>
          <canMove>False</canMove>
          <alias>alarm</alias>
          <font family="Segoe+UI" displayName="Segoe+UI" postScript="" weightStyle="Regular" weight="400" isBold="False" isItalic="False"/>
          <text>2</text>
          <textColor>4294967295</textColor>
          <textSize>13</textSize>
          <selectedIndex>-1</selectedIndex>
          <radius>100</radius>
          <radiusIsPercent>True</radiusIsPercent>
        </control>
      </groupChildrenDescriptors>
      <iconSize>60</iconSize>
    </control>
    <control controlID="5D53B85A-13CE-480F-B911-E1A2C7ED2C51" controlTypeID="IconLabel2" x="819" y="1830" w="64" h="102" zOrder="12">
      <caption>Help</caption>
      <groupChildrenDescriptors>
        <control controlID="5F0FF2E9-3072-4293-91E5-AFFADD9BC794" controlTypeID="Shape" x="2" y="0" w="60" h="60" zOrder="0">
          <canMove>False</canMove>
          <alias>shape</alias>
          <font family="Segoe+UI" displayName="Segoe+UI" postScript="" weightStyle="Regular" weight="400" isBold="False" isItalic="False"/>
          <textSize>14</textSize>
          <selectedIndex>-1</selectedIndex>
        </control>
        <control controlID="73EB9FA6-88DB-4C1C-B97F-5ECF51025845" controlTypeID="Icon" x="2" y="0" w="60" h="60" zOrder="1">
          <canMove>False</canMove>
          <alias>icon</alias>
          <icon>
            <ID/>
            <iconFontName>jdIonicons</iconFontName>
            <iconCode>62076</iconCode>
          </icon>
          <URL>7BEE2611F373C98BB8D2195169695997.svg</URL>
        </control>
        <control controlID="5B533264-FDA1-4253-95D6-B2071F11F13A" controlTypeID="Label" x="3" y="64" w="58" h="38" zOrder="2">
          <canMove>False</canMove>
          <alias>label</alias>
          <font family="Segoe+UI" displayName="Segoe+UI" postScript="" weightStyle="Regular" weight="400" isBold="False" isItalic="False"/>
          <text>Help</text>
          <textColor>4284900966</textColor>
          <textSize>28</textSize>
          <textAlign>HaCenter</textAlign>
          <lineSpacing>0</lineSpacing>
          <useDefaultTextSize>False</useDefaultTextSize>
          <selectedIndex>-1</selectedIndex>
        </control>
        <control controlID="BD054398-A07A-4E71-8926-B6100899B988" controlTypeID="Shape" x="43" y="0" w="21" h="20" zOrder="3">
          <color>4294901760</color>
          <borderVisible>False</borderVisible>
          <canMove>False</canMove>
          <alias>alarm</alias>
          <font family="Segoe+UI" displayName="Segoe+UI" postScript="" weightStyle="Regular" weight="400" isBold="False" isItalic="False"/>
          <text>2</text>
          <textColor>4294967295</textColor>
          <textSize>13</textSize>
          <selectedIndex>-1</selectedIndex>
          <radius>100</radius>
          <radiusIsPercent>True</radiusIsPercent>
        </control>
      </groupChildrenDescriptors>
      <iconSize>60</iconSize>
    </control>
    <control controlID="AA08A577-9D62-4D09-B5E8-671242C39BFF" controlTypeID="IconLabel2" x="607" y="1830" w="103" h="102" zOrder="13">
      <caption>Settings</caption>
      <groupChildrenDescriptors>
        <control controlID="5117C5A1-3122-4AE4-A903-09C72CE05C8F" controlTypeID="Shape" x="22" y="0" w="60" h="60" zOrder="0">
          <canMove>False</canMove>
          <alias>shape</alias>
          <font family="Segoe+UI" displayName="Segoe+UI" postScript="" weightStyle="Regular" weight="400" isBold="False" isItalic="False"/>
          <textSize>14</textSize>
          <selectedIndex>-1</selectedIndex>
        </control>
        <control controlID="777A7DD4-3857-41B4-9375-00E77AC613DF" controlTypeID="Icon" x="22" y="0" w="60" h="60" zOrder="1">
          <canMove>False</canMove>
          <alias>icon</alias>
          <icon>
            <ID/>
            <iconFontName>jdIonicons</iconFontName>
            <iconCode>61757</iconCode>
          </icon>
          <URL>3D17E78EA0EC372F7F51691AF5BF8D2B.svg</URL>
        </control>
        <control controlID="519948F2-E662-4D9C-AF99-9E3D381B7BA7" controlTypeID="Label" x="2" y="64" w="99" h="38" zOrder="2">
          <canMove>False</canMove>
          <alias>label</alias>
          <font family="Segoe+UI" displayName="Segoe+UI" postScript="" weightStyle="Regular" weight="400" isBold="False" isItalic="False"/>
          <text>Settings</text>
          <textColor>4284900966</textColor>
          <textSize>28</textSize>
          <textAlign>HaCenter</textAlign>
          <lineSpacing>0</lineSpacing>
          <useDefaultTextSize>False</useDefaultTextSize>
          <selectedIndex>-1</selectedIndex>
        </control>
        <control controlID="011F58BE-9644-41D4-97D8-A1FDF46A8BA2" controlTypeID="Shape" x="82" y="0" w="21" h="20" zOrder="3">
          <color>4294901760</color>
          <borderVisible>False</borderVisible>
          <canMove>False</canMove>
          <alias>alarm</alias>
          <font family="Segoe+UI" displayName="Segoe+UI" postScript="" weightStyle="Regular" weight="400" isBold="False" isItalic="False"/>
          <text>2</text>
          <textColor>4294967295</textColor>
          <textSize>13</textSize>
          <selectedIndex>-1</selectedIndex>
          <radius>100</radius>
          <radiusIsPercent>True</radiusIsPercent>
        </control>
      </groupChildrenDescriptors>
      <iconSize>60</iconSize>
    </control>
    <control controlID="FD650917-66E3-4070-8B3F-43F633C23F9A" controlTypeID="IconLabel2" x="412" y="1831" w="64" h="102" zOrder="14">
      <caption>User</caption>
      <groupChildrenDescriptors>
        <control controlID="60CD68E7-34D5-45D1-9AF8-84EFC27459E4" controlTypeID="Shape" x="2" y="0" w="60" h="60" zOrder="0">
          <canMove>False</canMove>
          <alias>shape</alias>
          <font family="Segoe+UI" displayName="Segoe+UI" postScript="" weightStyle="Regular" weight="400" isBold="False" isItalic="False"/>
          <textSize>14</textSize>
          <selectedIndex>-1</selectedIndex>
        </control>
        <control controlID="125C3DE5-CE82-4D57-B936-8CCAF68CC2DB" controlTypeID="Icon" x="2" y="0" w="60" h="60" zOrder="1">
          <color>4294940979</color>
          <canMove>False</canMove>
          <alias>icon</alias>
          <icon>
            <ID/>
            <iconFontName>jdIonicons</iconFontName>
            <iconCode>62368</iconCode>
          </icon>
          <URL>B91434690C5B5224D1CC6B1998F1178A.svg</URL>
        </control>
        <control controlID="89AE89CB-BCD5-4F50-847C-6035CD4CCA48" controlTypeID="Label" x="4" y="64" w="55" h="38" zOrder="2">
          <canMove>False</canMove>
          <alias>label</alias>
          <font family="Segoe+UI" displayName="Segoe+UI" postScript="" weightStyle="Regular" weight="400" isBold="False" isItalic="False"/>
          <text>User</text>
          <textColor>4294941030</textColor>
          <textSize>28</textSize>
          <textAlign>HaCenter</textAlign>
          <lineSpacing>0</lineSpacing>
          <useDefaultTextSize>False</useDefaultTextSize>
          <selectedIndex>-1</selectedIndex>
        </control>
        <control controlID="EE1DEE4F-9B35-42FE-8F78-1EDE0B977AD0" controlTypeID="Shape" x="43" y="0" w="21" h="20" zOrder="3">
          <color>4294901760</color>
          <borderVisible>False</borderVisible>
          <canMove>False</canMove>
          <alias>alarm</alias>
          <font family="Segoe+UI" displayName="Segoe+UI" postScript="" weightStyle="Regular" weight="400" isBold="False" isItalic="False"/>
          <text>2</text>
          <textColor>4294967295</textColor>
          <textSize>13</textSize>
          <selectedIndex>-1</selectedIndex>
          <radius>100</radius>
          <radiusIsPercent>True</radiusIsPercent>
        </control>
      </groupChildrenDescriptors>
      <iconSize>60</iconSize>
    </control>
    <control controlID="F6953BEF-5BE5-4409-A52F-67C5FAE815B9" controlTypeID="Line" x="56" y="1803" w="963" h="1" zOrder="15">
      <font family="Segoe+UI" displayName="Segoe+UI" postScript="" weightStyle="Regular" weight="400" isBold="False" isItalic="False"/>
      <textSize>14</textSize>
      <lineSpacing>0</lineSpacing>
      <selectedIndex>-1</selectedIndex>
      <controlPoint>(482,0)</controlPoint>
      <startPoint>(0,0)</startPoint>
      <endPoint>(963,0)</endPoint>
    </control>
  </controls>
  <param>
    <backgroundColor>4294967295</backgroundColor>
    <fontSize>0</fontSize>
    <fontFamily/>
    <guideLines/>
  </param>
</mockup>