﻿<mockup version="5.3" minAllowVersion="5.3" ID="AF61CCB7-77B6-4786-BD8B-130A9741C428" platform="MtMobile" defaultW="1080" defaultH="1960" measureW="1080" measureH="1960" screenOrientation="MoPortrait" mobileScreenScale="1.77777779102325" clipArea="(0,0,0,0)">
  <controls controlCount="36">
    <control controlID="62D2C4EA-4E71-49F7-84A2-4E30BD1BDD69" controlTypeID="Shape" x="71" y="1137" w="461" h="402" zOrder="0">
      <color>16777215</color>
      <font family="Segoe+UI" displayName="Segoe+UI" postScript="" weightStyle="Normal" weight="400" isBold="False" isItalic="False" useDefaultFontFamily="False"/>
      <selectedIndex>-1</selectedIndex>
      <radius>8</radius>
    </control>
    <control controlID="B1CCA0E8-89F2-4B51-A378-566664E279A2" controlTypeID="Shape" x="0" y="0" w="1080" h="438" zOrder="1">
      <color>4294927872</color>
      <borderColor>6710886</borderColor>
      <font family="Segoe+UI" displayName="Segoe+UI" postScript="" weightStyle="Normal" weight="400" isBold="False" isItalic="False"/>
      <textColor>4294927872</textColor>
      <textSize>14</textSize>
      <selectedIndex>-1</selectedIndex>
    </control>
    <control controlID="85D5887A-7A5E-421A-A0F6-73A252F94362" controlTypeID="Shape" x="0" y="0" w="1080" h="862" zOrder="2">
      <color>402653183</color>
      <borderColor>6710886</borderColor>
      <font family="Segoe+UI" displayName="Segoe+UI" postScript="" weightStyle="Normal" weight="400" isBold="False" isItalic="False"/>
      <textSize>14</textSize>
      <selectedIndex>-1</selectedIndex>
      <shapeBorderType>SbTriangle</shapeBorderType>
      <triangleType>TdNinety</triangleType>
    </control>
    <control controlID="3E4883CC-31DD-491F-91B1-9BD227B65899" controlTypeID="Label" x="100" y="279" w="508" h="96" zOrder="3">
      <font family="Segoe+UI" displayName="Segoe+UI_%26_Bold" postScript="" weightStyle="Bold" weight="700" isBold="True" isItalic="False"/>
      <text>Create+Request</text>
      <textColor>4294967295</textColor>
      <textSize>72</textSize>
      <lineSpacing>0</lineSpacing>
      <textStyles>[fsBold]</textStyles>
      <useDefaultTextSize>False</useDefaultTextSize>
      <selectedIndex>-1</selectedIndex>
    </control>
    <control controlID="13AEBA79-E5D1-4C0E-87EA-2B77498F4DA1" controlTypeID="Shape" x="71" y="1680" w="944" h="169" zOrder="4">
      <color>4294927872</color>
      <borderColor>16724787</borderColor>
      <links eventType="AtClick" animate="AmNone" animateAutoDelay="0" animateDuration="0">
        <link targetPageID="13C547DD-BB93-47F3-8E85-B9ABA334C57B" linkType="ltPageLink" isApplyIncludePage="False" title="Request+Details">
          <area shape="0" alt="" ID="{BD2F4031-22D6-4FFA-8E50-2C567C53B4A7}" coords="(0,0,944,169)"/>
        </link>
      </links>
      <font family="Segoe+UI" displayName="Segoe+UI" postScript="" weightStyle="Normal" weight="400" isBold="False" isItalic="False"/>
      <text>Submit+request</text>
      <textColor>4294967295</textColor>
      <textSize>54</textSize>
      <useDefaultTextSize>False</useDefaultTextSize>
      <selectedIndex>-1</selectedIndex>
      <radius>20</radius>
    </control>
    <control controlID="2DABC02E-42DD-4957-8D3A-2791EB3A0B25" controlTypeID="Icon" x="10" y="10" w="115" h="115" zOrder="5">
      <color>4294967295</color>
      <links eventType="AtClick" animate="AmNone" animateAutoDelay="0" animateDuration="0">
        <link targetPageID="13C547DD-BB93-47F3-8E85-B9ABA334C57B" linkType="ltPageLink" isApplyIncludePage="False" title="Request+Details">
          <area shape="0" alt="" ID="{F6922A9B-A196-41E4-9082-865E9EC7279D}" coords="(0,0,115,115)"/>
        </link>
      </links>
      <icon>
        <ID/>
        <iconFontName>jdIonicons</iconFontName>
        <iconCode>62415</iconCode>
      </icon>
      <URL>D6859759E093AABA6D618DD6AA733504.svg</URL>
    </control>
    <control controlID="25A0E2E8-4B6B-445E-A449-FDA3BB5C9805" controlTypeID="IconLabel2" x="329" y="1577" w="185" h="58" zOrder="6">
      <caption>Achievements</caption>
      <groupChildrenDescriptors>
        <control controlID="E7CC2848-103D-47DB-9D5C-C846CF2F340C" controlTypeID="Shape" x="0" y="4" w="50" h="50" zOrder="0">
          <canMove>False</canMove>
          <alias>shape</alias>
          <font family="Segoe+UI" displayName="Segoe+UI" postScript="" weightStyle="Normal" weight="400" isBold="False" isItalic="False"/>
          <textSize>14</textSize>
          <selectedIndex>-1</selectedIndex>
        </control>
        <control controlID="15E626E0-0F69-4D3C-8B97-3041E644A58E" controlTypeID="Icon" x="0" y="4" w="50" h="50" zOrder="1">
          <color>4294927872</color>
          <canMove>False</canMove>
          <alias>icon</alias>
          <icon>
            <ID/>
            <iconFontName>jdFontAwesome</iconFontName>
            <iconCode>62096</iconCode>
          </icon>
          <URL>E6476C5B05119F5F60623A7C58E43966.svg</URL>
        </control>
        <control controlID="BB010AC6-B720-487C-A42D-B089428360BD" controlTypeID="Label" x="54" y="2" w="131" h="54" zOrder="2">
          <canMove>False</canMove>
          <alias>label</alias>
          <font family="Segoe+UI" displayName="Segoe+UI" postScript="" weightStyle="Normal" weight="400" isBold="False" isItalic="False"/>
          <text>++7.5+Kg</text>
          <textColor>4284900966</textColor>
          <textSize>40</textSize>
          <textAlign>HaCenter</textAlign>
          <lineSpacing>0</lineSpacing>
          <useDefaultTextSize>False</useDefaultTextSize>
          <selectedIndex>-1</selectedIndex>
        </control>
        <control controlID="187B77C7-52B6-4F79-86C8-32E22CE78EC4" controlTypeID="Shape" x="167" y="0" w="18" h="17" zOrder="3">
          <color>4294901760</color>
          <borderVisible>False</borderVisible>
          <canMove>False</canMove>
          <alias>alarm</alias>
          <font family="Segoe+UI" displayName="Segoe+UI" postScript="" weightStyle="Normal" weight="400" isBold="False" isItalic="False"/>
          <text>2</text>
          <textColor>4294967295</textColor>
          <textSize>11</textSize>
          <selectedIndex>-1</selectedIndex>
          <radius>100</radius>
          <radiusIsPercent>True</radiusIsPercent>
        </control>
      </groupChildrenDescriptors>
      <textDirection>MiTextRight</textDirection>
      <iconSize>50</iconSize>
    </control>
    <control controlID="A73E15B7-88C3-4165-AD5A-D8650E130DB7" controlTypeID="IconLabel2" x="71" y="1577" w="203" h="58" zOrder="7">
      <caption>Achievements</caption>
      <groupChildrenDescriptors>
        <control controlID="B3A515A5-6AE7-4DB4-800C-56888F53E404" controlTypeID="Shape" x="0" y="4" w="50" h="50" zOrder="0">
          <canMove>False</canMove>
          <alias>shape</alias>
          <font family="Segoe+UI" displayName="Segoe+UI" postScript="" weightStyle="Normal" weight="400" isBold="False" isItalic="False"/>
          <textSize>14</textSize>
          <selectedIndex>-1</selectedIndex>
        </control>
        <control controlID="19C21D8B-7541-439C-B8AB-576426F98189" controlTypeID="Icon" x="0" y="4" w="50" h="50" zOrder="1">
          <color>4294927872</color>
          <canMove>False</canMove>
          <alias>icon</alias>
          <icon>
            <ID/>
            <iconFontName>jdIonicons</iconFontName>
            <iconCode>62291</iconCode>
          </icon>
          <URL>02408E34A3EFDE5AD33D4DC61C896B5A.svg</URL>
        </control>
        <control controlID="416EFE5D-D2E9-43C2-A75A-8CE937691A9C" controlTypeID="Label" x="54" y="2" w="149" h="54" zOrder="2">
          <canMove>False</canMove>
          <alias>label</alias>
          <font family="Segoe+UI" displayName="Segoe+UI" postScript="" weightStyle="Normal" weight="400" isBold="False" isItalic="False"/>
          <text>++28+CHF</text>
          <textColor>4284900966</textColor>
          <textSize>40</textSize>
          <textAlign>HaCenter</textAlign>
          <lineSpacing>0</lineSpacing>
          <useDefaultTextSize>False</useDefaultTextSize>
          <selectedIndex>-1</selectedIndex>
        </control>
        <control controlID="016E9CD6-41B6-4076-B9C1-1184E17FC89E" controlTypeID="Shape" x="185" y="0" w="18" h="17" zOrder="3">
          <color>4294901760</color>
          <borderVisible>False</borderVisible>
          <canMove>False</canMove>
          <alias>alarm</alias>
          <font family="Segoe+UI" displayName="Segoe+UI" postScript="" weightStyle="Normal" weight="400" isBold="False" isItalic="False"/>
          <text>2</text>
          <textColor>4294967295</textColor>
          <textSize>11</textSize>
          <selectedIndex>-1</selectedIndex>
          <radius>100</radius>
          <radiusIsPercent>True</radiusIsPercent>
        </control>
      </groupChildrenDescriptors>
      <textDirection>MiTextRight</textDirection>
      <iconSize>50</iconSize>
    </control>
    <control controlID="F326FE61-DE3D-452C-B411-7BF0475E59D0" controlTypeID="List" x="85" y="1155" w="430" h="366" zOrder="8">
      <color>15790320</color>
      <borderVisible>False</borderVisible>
      <font family="Segoe+UI" displayName="Segoe+UI" postScript="" weightStyle="Normal" weight="400" isBold="False" isItalic="False" useDefaultFontFamily="False"/>
      <text>4L+Skim+Milk%0D%0A1+Dozen+Eggs%0D%0A2Kg+Potatoes%0D%0ATomatoe+Sauce%0D%0A2Kg+Spaghetti</text>
      <textColor>4284900966</textColor>
      <textSize>32</textSize>
      <lineSpacing>0</lineSpacing>
      <useDefaultTextSize>False</useDefaultTextSize>
      <selectedColor>268435455</selectedColor>
      <textPadding>21</textPadding>
      <itemHeight>43</itemHeight>
      <interlaceColor>4294760781</interlaceColor>
      <separatorColor>4291677645</separatorColor>
      <showSeparator>True</showSeparator>
      <selectedTextColor>4284900966</selectedTextColor>
    </control>
    <control controlID="E2E4AE96-8471-44B5-A561-F324A1579802" controlTypeID="Label" x="554" y="1073" w="310" h="54" zOrder="9">
      <font family="Segoe+UI" displayName="Segoe+UI" postScript="" weightStyle="Normal" weight="400" isBold="False" isItalic="False"/>
      <text>Custom+message%3A</text>
      <textColor>4284900966</textColor>
      <textSize>40</textSize>
      <lineSpacing>0</lineSpacing>
      <useDefaultTextSize>False</useDefaultTextSize>
      <selectedIndex>-1</selectedIndex>
    </control>
    <control controlID="A48E7CE1-89AC-43BE-B24E-44E7614E0747" controlTypeID="__group__" x="64" y="512" w="951" h="398" zOrder="10">
      <groupChildrenDescriptors>
        <control controlID="EF368217-40C4-4278-ADA3-35637CB64509" controlTypeID="Map" x="1" y="74" w="344" h="322" zOrder="0"/>
        <control controlID="456300EB-BBBD-49CA-A3E3-9C163F2B1730" controlTypeID="Icon" x="60" y="196" w="94" h="94" zOrder="1">
          <color>4294927872</color>
          <icon>
            <ID/>
            <iconFontName>jdIonicons</iconFontName>
            <iconCode>61951</iconCode>
          </icon>
          <URL>272406045191EFD41262383E38074218.svg</URL>
        </control>
        <control controlID="35299C44-E8E9-4AEB-B50C-2B5173E43D08" controlTypeID="Label" x="0" y="0" w="346" h="64" zOrder="2">
          <font family="Segoe+UI" displayName="Segoe+UI" postScript="" weightStyle="Normal" weight="400" isBold="False" isItalic="False"/>
          <text>Request+for+Jose</text>
          <textColor>4284900966</textColor>
          <textSize>48</textSize>
          <lineSpacing>0</lineSpacing>
          <useDefaultTextSize>False</useDefaultTextSize>
          <selectedIndex>-1</selectedIndex>
        </control>
        <control controlID="D027B481-612A-4FC7-BC27-B7A5BDD7C40D" controlTypeID="Label" x="365" y="146" w="304" h="52" zOrder="3">
          <font family="Segoe+UI" displayName="Segoe+UI" postScript="" weightStyle="Normal" weight="400" isBold="False" isItalic="False"/>
          <text>Celine's+Groceries</text>
          <textColor>4284900966</textColor>
          <textSize>39</textSize>
          <lineSpacing>0</lineSpacing>
          <useDefaultTextSize>False</useDefaultTextSize>
          <selectedIndex>-1</selectedIndex>
        </control>
        <control controlID="8B58519E-94E5-45D8-AFBC-C7046EEA2C6D" controlTypeID="Label" x="364" y="203" w="587" h="52" zOrder="4">
          <font family="Segoe+UI" displayName="Segoe+UI" postScript="" weightStyle="Normal" weight="400" isBold="False" isItalic="False"/>
          <text>Rue+de+Gen%C3%A8ve+18%2C+1003+Lausanne</text>
          <textColor>4284900966</textColor>
          <textSize>39</textSize>
          <lineSpacing>0</lineSpacing>
          <useDefaultTextSize>False</useDefaultTextSize>
          <selectedIndex>-1</selectedIndex>
        </control>
        <control controlID="B1A7F2C0-FA8F-4880-B109-C370BCF3B04B" controlTypeID="Label" x="364" y="260" w="453" h="52" zOrder="5">
          <font family="Segoe+UI" displayName="Segoe+UI" postScript="" weightStyle="Normal" weight="400" isBold="False" isItalic="False"/>
          <text>Open+today+7.30am+-+7pm</text>
          <textColor>4284900966</textColor>
          <textSize>39</textSize>
          <lineSpacing>0</lineSpacing>
          <useDefaultTextSize>False</useDefaultTextSize>
          <selectedIndex>-1</selectedIndex>
        </control>
        <control controlID="9C680BC5-5BCF-41B8-B578-615AC261678D" controlTypeID="Label" x="422" y="346" w="134" h="52" zOrder="6">
          <font family="Segoe+UI" displayName="Segoe+UI" postScript="" weightStyle="Normal" weight="400" isBold="False" isItalic="False"/>
          <text>15+mins</text>
          <textColor>4284900966</textColor>
          <textSize>39</textSize>
          <lineSpacing>0</lineSpacing>
          <useDefaultTextSize>False</useDefaultTextSize>
          <selectedIndex>-1</selectedIndex>
        </control>
        <control controlID="BE5540F1-496C-481D-87E0-9CF32161331F" controlTypeID="Icon" x="364" y="348" w="48" h="48" zOrder="7">
          <icon>
            <ID/>
            <iconFontName>jdIonicons</iconFontName>
            <iconCode>62319</iconCode>
          </icon>
          <URL>7241B4F9C5A932A284647E182C3E01FF.svg</URL>
        </control>
        <control controlID="A53C0121-41A3-4A3F-A033-36E5BB80A0D3" controlTypeID="Icon" x="552" y="85" w="48" h="48" zOrder="8">
          <color>4294927872</color>
          <icon>
            <ID/>
            <iconFontName>jdIonicons</iconFontName>
            <iconCode>62387</iconCode>
          </icon>
          <URL>0CCFED0BD1BC3BB4D610117937314139.svg</URL>
        </control>
        <control controlID="DF40ECEF-57BC-4E8A-801B-218571ECE9F9" controlTypeID="Icon" x="364" y="83" w="48" h="48" zOrder="9">
          <color>4294927872</color>
          <icon>
            <ID/>
            <iconFontName>jdIonicons</iconFontName>
            <iconCode>62161</iconCode>
          </icon>
          <URL>524D9A41776CD1EF98956BB68F9875AC.svg</URL>
        </control>
        <control controlID="261ACACC-4D0E-486C-AD30-E8EFBAF2BC29" controlTypeID="Label" x="422" y="90" w="112" h="38" zOrder="10">
          <font family="Segoe+UI" displayName="Segoe+UI" postScript="" weightStyle="Normal" weight="400" isBold="False" isItalic="False"/>
          <text>6%2F4%2F2020</text>
          <textColor>4288256409</textColor>
          <textSize>28</textSize>
          <lineSpacing>0</lineSpacing>
          <useDefaultTextSize>False</useDefaultTextSize>
          <selectedIndex>-1</selectedIndex>
        </control>
        <control controlID="345ADC7F-6990-431E-8C2C-7FCC6A4CB0EE" controlTypeID="Label" x="620" y="90" w="66" h="38" zOrder="11">
          <font family="Segoe+UI" displayName="Segoe+UI" postScript="" weightStyle="Normal" weight="400" isBold="False" isItalic="False"/>
          <text>14%3A35</text>
          <textColor>4288256409</textColor>
          <textSize>28</textSize>
          <lineSpacing>0</lineSpacing>
          <useDefaultTextSize>False</useDefaultTextSize>
          <selectedIndex>-1</selectedIndex>
        </control>
        <control controlID="C9C42FE2-2D45-4BDE-9B74-2DFDD6B593C8" controlTypeID="Icon" x="698" y="85" w="48" h="48" zOrder="12">
          <color>4294927872</color>
          <icon>
            <ID/>
            <iconFontName>jdIonicons</iconFontName>
            <iconCode>61712</iconCode>
          </icon>
          <URL>BD4E616381CC9655F320253658F38FF1.svg</URL>
        </control>
        <control controlID="47C135BE-78F9-4136-B5C7-8E712353728C" controlTypeID="Label" x="766" y="90" w="95" h="38" zOrder="13">
          <font family="Segoe+UI" displayName="Segoe+UI" postScript="" weightStyle="Normal" weight="400" isBold="False" isItalic="False"/>
          <text>3-10+kg</text>
          <textColor>4288256409</textColor>
          <textSize>28</textSize>
          <lineSpacing>0</lineSpacing>
          <useDefaultTextSize>False</useDefaultTextSize>
          <selectedIndex>-1</selectedIndex>
        </control>
      </groupChildrenDescriptors>
    </control>
    <control controlID="AA08B7E5-CCF5-40CC-8935-1DCCB34BA87A" controlTypeID="Shape" x="554" y="1137" w="461" h="402" zOrder="11">
      <color>16777215</color>
      <font family="Segoe+UI" displayName="Segoe+UI" postScript="" weightStyle="Normal" weight="400" isBold="False" isItalic="False" useDefaultFontFamily="False"/>
      <selectedIndex>-1</selectedIndex>
      <radius>8</radius>
    </control>
    <control controlID="75531D21-9AF8-4391-82FF-B6595EB4CE0D" controlTypeID="TextArea" x="576" y="1167" w="394" h="327" zOrder="12">
      <font family="Segoe+UI" displayName="Segoe+UI" postScript="" weightStyle="Normal" weight="400" isBold="False" isItalic="False"/>
      <text>Pasta+la+Vista!%0D%0A</text>
      <textColor>4288256409</textColor>
      <textSize>32</textSize>
      <useDefaultTextSize>False</useDefaultTextSize>
      <selectedIndex>-1</selectedIndex>
    </control>
    <control controlID="66333A85-0343-47C2-B608-D15339C615E9" controlTypeID="Label" x="71" y="1073" w="249" h="54" zOrder="13">
      <font family="Segoe+UI" displayName="Segoe+UI" postScript="" weightStyle="Normal" weight="400" isBold="False" isItalic="False"/>
      <text>Shopping+List%3A</text>
      <textColor>4284900966</textColor>
      <textSize>40</textSize>
      <lineSpacing>0</lineSpacing>
      <useDefaultTextSize>False</useDefaultTextSize>
      <selectedIndex>-1</selectedIndex>
    </control>
  </controls>
  <param>
    <backgroundColor>4294967295</backgroundColor>
    <fontSize>0</fontSize>
    <fontFamily/>
    <guideLines/>
  </param>
</mockup>