﻿<mockup version="5.3" minAllowVersion="5.3" ID="BFFD142F-C3A3-4835-82AB-DA24E2196FDF" platform="MtMobile" defaultW="1080" defaultH="1960" measureW="1080" measureH="1960" screenOrientation="MoPortrait" mobileScreenScale="1.77777779102325" clipArea="(0,0,0,0)">
  <controls controlCount="139">
    <control controlID="BC94B841-B235-421C-AC34-AD06DA106B9B" controlTypeID="Image" x="-2" y="-4" w="1083" h="390" zOrder="0">
      <URL>AB60F13D70585F17F97A55ECCBE4C40E.png</URL>
    </control>
    <control controlID="14990508-5900-4E56-9CF8-D6B58CF61C75" controlTypeID="IconLabel2" x="214" y="1836" w="64" h="102" zOrder="1">
      <caption>Alerts</caption>
      <links eventType="AtClick" animate="AmSlideRight" animateAutoDelay="0" animateDuration="20">
        <link targetPageID="E95BE094-0076-4FA4-BA67-DC09521BB7DD" linkType="ltPageLink" isApplyIncludePage="False" title="Map">
          <area shape="0" alt="" ID="{DAFFDD88-334D-4710-ACC2-C42E9932D6BF}" coords="(0,0,64,102)"/>
        </link>
      </links>
      <groupChildrenDescriptors>
        <control controlID="8001E9F4-6F09-4B36-AF38-44AF27B11F64" controlTypeID="Shape" x="2" y="0" w="60" h="60" zOrder="0">
          <canMove>False</canMove>
          <alias>shape</alias>
          <font family="Segoe+UI" displayName="Segoe+UI" postScript="" weightStyle="Normal" weight="400" isBold="False" isItalic="False"/>
          <textSize>14</textSize>
          <selectedIndex>-1</selectedIndex>
        </control>
        <control controlID="1CC48A77-ADEC-46B4-935E-D620EC220232" controlTypeID="Icon" x="2" y="0" w="60" h="60" zOrder="1">
          <canMove>False</canMove>
          <alias>icon</alias>
          <icon>
            <ID/>
            <iconFontName>jdIonicons</iconFontName>
            <iconCode>62348</iconCode>
          </icon>
          <URL>C9A19AEA8333861081ABFD164D361FEF.svg</URL>
        </control>
        <control controlID="C644126B-6E28-409C-B189-04EBB37617BD" controlTypeID="Label" x="4" y="64" w="56" h="38" zOrder="2">
          <canMove>False</canMove>
          <alias>label</alias>
          <font family="Segoe+UI" displayName="Segoe+UI" postScript="" weightStyle="Normal" weight="400" isBold="False" isItalic="False"/>
          <text>Map</text>
          <textColor>4284900966</textColor>
          <textSize>28</textSize>
          <textAlign>HaCenter</textAlign>
          <lineSpacing>0</lineSpacing>
          <useDefaultTextSize>False</useDefaultTextSize>
          <selectedIndex>-1</selectedIndex>
        </control>
        <control controlID="82EF9E8D-4D48-477E-8958-03877CF47E8A" controlTypeID="Shape" x="43" y="0" w="21" h="20" zOrder="3">
          <color>4294901760</color>
          <borderVisible>False</borderVisible>
          <canMove>False</canMove>
          <alias>alarm</alias>
          <font family="Segoe+UI" displayName="Segoe+UI" postScript="" weightStyle="Normal" weight="400" isBold="False" isItalic="False"/>
          <text>2</text>
          <textColor>4294967295</textColor>
          <textSize>13</textSize>
          <selectedIndex>-1</selectedIndex>
          <radius>100</radius>
          <radiusIsPercent>True</radiusIsPercent>
        </control>
      </groupChildrenDescriptors>
      <iconSize>60</iconSize>
    </control>
    <control controlID="52A3AF12-E992-4BC2-BB0F-559DA1653DD7" controlTypeID="IconLabel2" x="825" y="1835" w="64" h="102" zOrder="2">
      <caption>Help</caption>
      <groupChildrenDescriptors>
        <control controlID="78B3A7B4-48A0-4216-A44E-FD9B9151E439" controlTypeID="Shape" x="2" y="0" w="60" h="60" zOrder="0">
          <canMove>False</canMove>
          <alias>shape</alias>
          <font family="Segoe+UI" displayName="Segoe+UI" postScript="" weightStyle="Normal" weight="400" isBold="False" isItalic="False"/>
          <textSize>14</textSize>
          <selectedIndex>-1</selectedIndex>
        </control>
        <control controlID="A2399D5F-F131-403D-AB5A-C60DD12B0FDD" controlTypeID="Icon" x="2" y="0" w="60" h="60" zOrder="1">
          <canMove>False</canMove>
          <alias>icon</alias>
          <icon>
            <ID/>
            <iconFontName>jdIonicons</iconFontName>
            <iconCode>62076</iconCode>
          </icon>
          <URL>7BEE2611F373C98BB8D2195169695997.svg</URL>
        </control>
        <control controlID="BD4DF94D-992E-4593-B6BB-7BE608727B43" controlTypeID="Label" x="3" y="64" w="58" h="38" zOrder="2">
          <canMove>False</canMove>
          <alias>label</alias>
          <font family="Segoe+UI" displayName="Segoe+UI" postScript="" weightStyle="Normal" weight="400" isBold="False" isItalic="False"/>
          <text>Help</text>
          <textColor>4284900966</textColor>
          <textSize>28</textSize>
          <textAlign>HaCenter</textAlign>
          <lineSpacing>0</lineSpacing>
          <useDefaultTextSize>False</useDefaultTextSize>
          <selectedIndex>-1</selectedIndex>
        </control>
        <control controlID="783FDD66-5F8D-4FBF-88BC-3412B6E556EE" controlTypeID="Shape" x="43" y="0" w="21" h="20" zOrder="3">
          <color>4294901760</color>
          <borderVisible>False</borderVisible>
          <canMove>False</canMove>
          <alias>alarm</alias>
          <font family="Segoe+UI" displayName="Segoe+UI" postScript="" weightStyle="Normal" weight="400" isBold="False" isItalic="False"/>
          <text>2</text>
          <textColor>4294967295</textColor>
          <textSize>13</textSize>
          <selectedIndex>-1</selectedIndex>
          <radius>100</radius>
          <radiusIsPercent>True</radiusIsPercent>
        </control>
      </groupChildrenDescriptors>
      <iconSize>60</iconSize>
    </control>
    <control controlID="0D72A8E6-8EAB-4816-9BA4-0FFA7ADE25A5" controlTypeID="IconLabel2" x="976" y="1652" w="64" h="102" zOrder="3">
      <isShow>False</isShow>
      <caption>Requests</caption>
      <groupChildrenDescriptors>
        <control controlID="861EB62D-DDAD-4D44-84C2-82BB6228AFBC" controlTypeID="Shape" x="2" y="0" w="60" h="60" zOrder="0">
          <canMove>False</canMove>
          <alias>shape</alias>
          <font family="Segoe+UI" displayName="Segoe+UI" postScript="" weightStyle="Normal" weight="400" isBold="False" isItalic="False"/>
          <textSize>14</textSize>
          <selectedIndex>-1</selectedIndex>
        </control>
        <control controlID="076C8DCD-9006-46BC-838A-F313C1A3F106" controlTypeID="Icon" x="2" y="0" w="60" h="60" zOrder="1">
          <canMove>False</canMove>
          <alias>icon</alias>
          <icon>
            <ID/>
            <iconFontName>jdIonicons</iconFontName>
            <iconCode>62456</iconCode>
          </icon>
          <URL>AA45E12719F4631654810A4DD86B0A76.svg</URL>
        </control>
        <control controlID="C08DE9BF-71B2-4146-963B-EBE884E1C257" controlTypeID="Label" x="4" y="64" w="55" h="38" zOrder="2">
          <canMove>False</canMove>
          <alias>label</alias>
          <font family="Segoe+UI" displayName="Segoe+UI" postScript="" weightStyle="Normal" weight="400" isBold="False" isItalic="False"/>
          <text>User</text>
          <textColor>4284900966</textColor>
          <textSize>28</textSize>
          <textAlign>HaCenter</textAlign>
          <lineSpacing>0</lineSpacing>
          <useDefaultTextSize>False</useDefaultTextSize>
          <selectedIndex>-1</selectedIndex>
        </control>
        <control controlID="EB71D4EE-497F-40CC-B531-44F0717C9003" controlTypeID="Shape" x="43" y="0" w="21" h="20" zOrder="3">
          <color>4294901760</color>
          <borderVisible>False</borderVisible>
          <canMove>False</canMove>
          <alias>alarm</alias>
          <font family="Segoe+UI" displayName="Segoe+UI" postScript="" weightStyle="Normal" weight="400" isBold="False" isItalic="False"/>
          <text>2</text>
          <textColor>4294967295</textColor>
          <textSize>13</textSize>
          <selectedIndex>-1</selectedIndex>
          <radius>100</radius>
          <radiusIsPercent>True</radiusIsPercent>
        </control>
      </groupChildrenDescriptors>
      <iconSize>60</iconSize>
    </control>
    <control controlID="B2A2FE3D-E65B-4327-BF6C-D1C7F0996132" controlTypeID="IconLabel2" x="613" y="1835" w="103" h="102" zOrder="4">
      <caption>Settings</caption>
      <groupChildrenDescriptors>
        <control controlID="5CFD6592-12AD-486B-93BB-30920812FEFC" controlTypeID="Shape" x="22" y="0" w="60" h="60" zOrder="0">
          <canMove>False</canMove>
          <alias>shape</alias>
          <font family="Segoe+UI" displayName="Segoe+UI" postScript="" weightStyle="Normal" weight="400" isBold="False" isItalic="False"/>
          <textSize>14</textSize>
          <selectedIndex>-1</selectedIndex>
        </control>
        <control controlID="D8101A05-39AB-4926-BD30-CF01170F9DEF" controlTypeID="Icon" x="22" y="0" w="60" h="60" zOrder="1">
          <canMove>False</canMove>
          <alias>icon</alias>
          <icon>
            <ID/>
            <iconFontName>jdIonicons</iconFontName>
            <iconCode>61757</iconCode>
          </icon>
          <URL>3D17E78EA0EC372F7F51691AF5BF8D2B.svg</URL>
        </control>
        <control controlID="FC274EED-DBE6-40FF-B264-D7B37F274F0D" controlTypeID="Label" x="2" y="64" w="99" h="38" zOrder="2">
          <canMove>False</canMove>
          <alias>label</alias>
          <font family="Segoe+UI" displayName="Segoe+UI" postScript="" weightStyle="Normal" weight="400" isBold="False" isItalic="False"/>
          <text>Settings</text>
          <textColor>4284900966</textColor>
          <textSize>28</textSize>
          <textAlign>HaCenter</textAlign>
          <lineSpacing>0</lineSpacing>
          <useDefaultTextSize>False</useDefaultTextSize>
          <selectedIndex>-1</selectedIndex>
        </control>
        <control controlID="70432CE5-4BA5-4A7E-8CF8-23A933D2C337" controlTypeID="Shape" x="82" y="0" w="21" h="20" zOrder="3">
          <color>4294901760</color>
          <borderVisible>False</borderVisible>
          <canMove>False</canMove>
          <alias>alarm</alias>
          <font family="Segoe+UI" displayName="Segoe+UI" postScript="" weightStyle="Normal" weight="400" isBold="False" isItalic="False"/>
          <text>2</text>
          <textColor>4294967295</textColor>
          <textSize>13</textSize>
          <selectedIndex>-1</selectedIndex>
          <radius>100</radius>
          <radiusIsPercent>True</radiusIsPercent>
        </control>
      </groupChildrenDescriptors>
      <iconSize>60</iconSize>
    </control>
    <control controlID="B5DB178C-B73A-4308-ACBE-567435615DA0" controlTypeID="IconLabel2" x="418" y="1836" w="64" h="102" zOrder="5">
      <caption>User</caption>
      <groupChildrenDescriptors>
        <control controlID="A5D0B924-9AFC-4001-B1E3-F1A04E79FB47" controlTypeID="Shape" x="2" y="0" w="60" h="60" zOrder="0">
          <canMove>False</canMove>
          <alias>shape</alias>
          <font family="Segoe+UI" displayName="Segoe+UI" postScript="" weightStyle="Normal" weight="400" isBold="False" isItalic="False"/>
          <textSize>14</textSize>
          <selectedIndex>-1</selectedIndex>
        </control>
        <control controlID="21EAE713-F631-4ECC-BD3A-40421210A8FD" controlTypeID="Icon" x="2" y="0" w="60" h="60" zOrder="1">
          <color>4294940979</color>
          <canMove>False</canMove>
          <alias>icon</alias>
          <icon>
            <ID/>
            <iconFontName>jdIonicons</iconFontName>
            <iconCode>62368</iconCode>
          </icon>
          <URL>B91434690C5B5224D1CC6B1998F1178A.svg</URL>
        </control>
        <control controlID="AE4DD69B-97E3-4704-8549-BF24C5009B27" controlTypeID="Label" x="4" y="64" w="55" h="38" zOrder="2">
          <canMove>False</canMove>
          <alias>label</alias>
          <font family="Segoe+UI" displayName="Segoe+UI" postScript="" weightStyle="Normal" weight="400" isBold="False" isItalic="False"/>
          <text>User</text>
          <textColor>4294941030</textColor>
          <textSize>28</textSize>
          <textAlign>HaCenter</textAlign>
          <lineSpacing>0</lineSpacing>
          <useDefaultTextSize>False</useDefaultTextSize>
          <selectedIndex>-1</selectedIndex>
        </control>
        <control controlID="31F8D9DE-6085-4C7E-B318-28B56F34691A" controlTypeID="Shape" x="43" y="0" w="21" h="20" zOrder="3">
          <color>4294901760</color>
          <borderVisible>False</borderVisible>
          <canMove>False</canMove>
          <alias>alarm</alias>
          <font family="Segoe+UI" displayName="Segoe+UI" postScript="" weightStyle="Normal" weight="400" isBold="False" isItalic="False"/>
          <text>2</text>
          <textColor>4294967295</textColor>
          <textSize>13</textSize>
          <selectedIndex>-1</selectedIndex>
          <radius>100</radius>
          <radiusIsPercent>True</radiusIsPercent>
        </control>
      </groupChildrenDescriptors>
      <iconSize>60</iconSize>
    </control>
    <control controlID="8095A1E9-BF63-4778-B962-AB6C8A14BFC0" controlTypeID="Line" x="62" y="1808" w="963" h="1" zOrder="6">
      <font family="Segoe+UI" displayName="Segoe+UI" postScript="" weightStyle="Normal" weight="400" isBold="False" isItalic="False"/>
      <textSize>14</textSize>
      <lineSpacing>0</lineSpacing>
      <selectedIndex>-1</selectedIndex>
      <controlPoint>(482,0)</controlPoint>
      <startPoint>(0,0)</startPoint>
      <endPoint>(963,0)</endPoint>
    </control>
    <control controlID="3A375FEC-CD59-4244-9262-7CE8C533180D" controlTypeID="ProgressBar" x="69" y="275" w="300" h="41" zOrder="7">
      <borderColor>4278190080</borderColor>
      <progress>80</progress>
      <indicatorColor>4283295981</indicatorColor>
    </control>
    <control controlID="2968BDC5-345D-4901-992B-8ECF00820BBC" controlTypeID="Label" x="187" y="273" w="77" h="43" zOrder="8">
      <font family="Segoe+UI" displayName="Segoe+UI_%26_Bold" postScript="" weightStyle="Bold" weight="700" isBold="True" isItalic="False"/>
      <text>Lvl.+3</text>
      <textColor>4294967295</textColor>
      <textSize>32</textSize>
      <lineSpacing>0</lineSpacing>
      <textStyles>[fsBold]</textStyles>
      <useDefaultTextSize>False</useDefaultTextSize>
      <selectedIndex>-1</selectedIndex>
    </control>
    <control controlID="E1F221A8-E8A7-49F8-A6C7-8DCF99533898" controlTypeID="Icon" x="69" y="181" w="63" h="63" zOrder="9">
      <color>4294835485</color>
      <icon>
        <ID/>
        <iconFontName>jdIonicons</iconFontName>
        <iconCode>62204</iconCode>
      </icon>
      <URL>7368E932054EB35095B123FCB5C28A31.svg</URL>
    </control>
    <control controlID="FF444310-E391-40B0-ADBF-2322573D9982" controlTypeID="Icon" x="247" y="181" w="63" h="63" zOrder="10">
      <color>4294835485</color>
      <icon>
        <ID/>
        <iconFontName>jdIonicons</iconFontName>
        <iconCode>62204</iconCode>
      </icon>
      <URL>7368E932054EB35095B123FCB5C28A31.svg</URL>
    </control>
    <control controlID="9008751D-487C-4239-B288-77E9EA3C8931" controlTypeID="Icon" x="126" y="181" w="63" h="63" zOrder="11">
      <color>4294835485</color>
      <icon>
        <ID/>
        <iconFontName>jdIonicons</iconFontName>
        <iconCode>62204</iconCode>
      </icon>
      <URL>7368E932054EB35095B123FCB5C28A31.svg</URL>
    </control>
    <control controlID="BEE3BA3C-FD3A-43A1-A3F3-332F82EA9F2F" controlTypeID="Icon" x="187" y="182" w="61" h="61" zOrder="12">
      <color>4294835485</color>
      <icon>
        <ID/>
        <iconFontName>jdIonicons</iconFontName>
        <iconCode>62204</iconCode>
      </icon>
      <URL>7368E932054EB35095B123FCB5C28A31.svg</URL>
    </control>
    <control controlID="F523F63F-D7BB-48F5-88D4-6123251C9A16" controlTypeID="Icon" x="308" y="181" w="63" h="63" zOrder="13">
      <color>4294835485</color>
      <icon>
        <ID/>
        <iconFontName>jdIonicons</iconFontName>
        <iconCode>62381</iconCode>
      </icon>
      <URL>C487087161B7AFAC4353A4C6F54A65A1.svg</URL>
    </control>
    <control controlID="38D4B6BF-C46D-4CFC-8681-2A700BA0E5D6" controlTypeID="ScrollView" x="60" y="412" w="968" h="1375" zOrder="14">
      <borderVisible>False</borderVisible>
      <groupChildrenDescriptors>
        <control controlID="F60FE765-AE31-4C92-B277-D897367DCBA8" controlTypeID="ScrollViewContentPanel" x="0" y="0" w="968" h="2110" zOrder="0">
          <alias>contentPanel</alias>
          <groupChildrenDescriptors>
            <control controlID="19E3C25D-1B79-40F6-8CC3-BA36B1391226" controlTypeID="Shape" x="204" y="90" w="558" h="171" zOrder="0">
              <links eventType="AtClick" animate="AmNone" animateAutoDelay="0" animateDuration="500">
                <link targetPageID="A7A2E4E4-1B05-4220-93D8-E9868E0F23C3" linkType="ltPageLink" isApplyIncludePage="False" title="Trip+Details">
                  <area shape="0" alt="" ID="{29012D42-8DB8-4B32-9A03-08F7AE44EC52}" coords="(0,0,558,171)"/>
                </link>
              </links>
              <font family="Segoe+UI" displayName="Segoe+UI" postScript="" weightStyle="Normal" weight="400" isBold="False" isItalic="False"/>
              <textSize>14</textSize>
              <selectedIndex>-1</selectedIndex>
              <radius>20</radius>
            </control>
            <control controlID="6B780FB8-3875-4D0E-8661-59C0E870353C" controlTypeID="IconLabel2" x="47" y="1088" w="318" h="100" zOrder="1">
              <caption>++Achievements</caption>
              <groupChildrenDescriptors>
                <control controlID="EBAE232C-920D-43B9-886A-F8CAFCB7F4DE" controlTypeID="Shape" x="0" y="0" w="100" h="100" zOrder="0">
                  <canMove>False</canMove>
                  <alias>shape</alias>
                  <font family="Segoe+UI" displayName="Segoe+UI" postScript="" weightStyle="Normal" weight="400" isBold="False" isItalic="False"/>
                  <textSize>14</textSize>
                  <selectedIndex>-1</selectedIndex>
                </control>
                <control controlID="109A941A-57A9-468B-8EE9-2E0EB75D6053" controlTypeID="Icon" x="0" y="0" w="100" h="100" zOrder="1">
                  <canMove>False</canMove>
                  <alias>icon</alias>
                  <icon>
                    <ID/>
                    <iconFontName>jdFontCustom</iconFontName>
                    <iconCode>61958</iconCode>
                  </icon>
                  <URL>1E8CC34B37F92CE832EF7070CE8F702D.svg</URL>
                </control>
                <control controlID="5456B0BD-76E4-4CF7-AEAA-56D8EBC82923" controlTypeID="Label" x="104" y="28" w="214" h="43" zOrder="2">
                  <canMove>False</canMove>
                  <alias>label</alias>
                  <font family="Segoe+UI" displayName="Segoe+UI" postScript="" weightStyle="Normal" weight="400" isBold="False" isItalic="False"/>
                  <text>++Achievements</text>
                  <textColor>4284900966</textColor>
                  <textSize>32</textSize>
                  <textAlign>HaCenter</textAlign>
                  <lineSpacing>0</lineSpacing>
                  <useDefaultTextSize>False</useDefaultTextSize>
                  <selectedIndex>-1</selectedIndex>
                </control>
                <control controlID="1F475F19-1D8B-409F-A3ED-AC9D66140C27" controlTypeID="Shape" x="285" y="0" w="33" h="33" zOrder="3">
                  <color>4294901760</color>
                  <borderVisible>False</borderVisible>
                  <canMove>False</canMove>
                  <alias>alarm</alias>
                  <font family="Segoe+UI" displayName="Segoe+UI" postScript="" weightStyle="Normal" weight="400" isBold="False" isItalic="False"/>
                  <text>2</text>
                  <textColor>4294967295</textColor>
                  <textSize>22</textSize>
                  <selectedIndex>-1</selectedIndex>
                  <radius>100</radius>
                  <radiusIsPercent>True</radiusIsPercent>
                </control>
              </groupChildrenDescriptors>
              <textDirection>MiTextRight</textDirection>
              <iconSize>100</iconSize>
            </control>
            <control controlID="610F3666-24C7-4C15-99B4-227481559EA3" controlTypeID="IconLabel2" x="47" y="889" w="200" h="100" zOrder="2">
              <caption>Achievements</caption>
              <groupChildrenDescriptors>
                <control controlID="97C0ECCB-57F9-4F74-A72C-172E03183011" controlTypeID="Shape" x="0" y="0" w="100" h="100" zOrder="0">
                  <canMove>False</canMove>
                  <alias>shape</alias>
                  <font family="Segoe+UI" displayName="Segoe+UI" postScript="" weightStyle="Normal" weight="400" isBold="False" isItalic="False"/>
                  <textSize>14</textSize>
                  <selectedIndex>-1</selectedIndex>
                </control>
                <control controlID="B8224129-540A-423B-9489-6A7B8D609D16" controlTypeID="Icon" x="0" y="0" w="100" h="100" zOrder="1">
                  <canMove>False</canMove>
                  <alias>icon</alias>
                  <icon>
                    <ID/>
                    <iconFontName>jdFontAwesome</iconFontName>
                    <iconCode>61468</iconCode>
                  </icon>
                  <URL>B92FB3DE93AB4225CE4D7406B35390E5.svg</URL>
                </control>
                <control controlID="55E876BE-6382-43C6-BE61-DEADF831EA72" controlTypeID="Label" x="104" y="28" w="96" h="43" zOrder="2">
                  <canMove>False</canMove>
                  <alias>label</alias>
                  <font family="Segoe+UI" displayName="Segoe+UI" postScript="" weightStyle="Normal" weight="400" isBold="False" isItalic="False"/>
                  <text>++Inbox</text>
                  <textColor>4284900966</textColor>
                  <textSize>32</textSize>
                  <textAlign>HaCenter</textAlign>
                  <lineSpacing>0</lineSpacing>
                  <useDefaultTextSize>False</useDefaultTextSize>
                  <selectedIndex>-1</selectedIndex>
                </control>
                <control controlID="B252180F-689A-4D25-AC79-2A2355CA6DA4" controlTypeID="Shape" x="167" y="0" w="33" h="33" zOrder="3">
                  <color>4294901760</color>
                  <borderVisible>False</borderVisible>
                  <canMove>False</canMove>
                  <alias>alarm</alias>
                  <font family="Segoe+UI" displayName="Segoe+UI" postScript="" weightStyle="Normal" weight="400" isBold="False" isItalic="False"/>
                  <text>2</text>
                  <textColor>4294967295</textColor>
                  <textSize>22</textSize>
                  <selectedIndex>-1</selectedIndex>
                  <radius>100</radius>
                  <radiusIsPercent>True</radiusIsPercent>
                </control>
              </groupChildrenDescriptors>
              <textDirection>MiTextRight</textDirection>
              <iconSize>100</iconSize>
            </control>
            <control controlID="A12E613C-9414-4F67-A7F4-7448066BF0B1" controlTypeID="IconLabel2" x="49" y="1285" w="239" h="100" zOrder="3">
              <caption>My+level</caption>
              <groupChildrenDescriptors>
                <control controlID="209E76C3-FAD0-4B58-9D2D-0004F4B0B290" controlTypeID="Shape" x="0" y="0" w="100" h="100" zOrder="0">
                  <canMove>False</canMove>
                  <alias>shape</alias>
                  <font family="Segoe+UI" displayName="Segoe+UI" postScript="" weightStyle="Normal" weight="400" isBold="False" isItalic="False"/>
                  <textSize>14</textSize>
                  <selectedIndex>-1</selectedIndex>
                </control>
                <control controlID="9CBDCAE8-341E-4E30-9615-479417D1DECF" controlTypeID="Icon" x="0" y="0" w="100" h="100" zOrder="1">
                  <canMove>False</canMove>
                  <alias>icon</alias>
                  <icon>
                    <ID/>
                    <iconFontName>jdFontAwesome</iconFontName>
                    <iconCode>61446</iconCode>
                  </icon>
                  <URL>BEC05033BFE991440DD86CE9E431A6E7.svg</URL>
                </control>
                <control controlID="A485C45F-80D1-468B-ADA3-5DC350FEDB4E" controlTypeID="Label" x="104" y="28" w="135" h="43" zOrder="2">
                  <canMove>False</canMove>
                  <alias>label</alias>
                  <font family="Segoe+UI" displayName="Segoe+UI" postScript="" weightStyle="Normal" weight="400" isBold="False" isItalic="False"/>
                  <text>++My+level</text>
                  <textColor>4284900966</textColor>
                  <textSize>32</textSize>
                  <textAlign>HaCenter</textAlign>
                  <lineSpacing>0</lineSpacing>
                  <useDefaultTextSize>False</useDefaultTextSize>
                  <selectedIndex>-1</selectedIndex>
                </control>
                <control controlID="C057115F-3213-45C7-A8C4-581A2883F303" controlTypeID="Shape" x="206" y="0" w="33" h="33" zOrder="3">
                  <color>4294901760</color>
                  <borderVisible>False</borderVisible>
                  <canMove>False</canMove>
                  <alias>alarm</alias>
                  <font family="Segoe+UI" displayName="Segoe+UI" postScript="" weightStyle="Normal" weight="400" isBold="False" isItalic="False"/>
                  <text>2</text>
                  <textColor>4294967295</textColor>
                  <textSize>22</textSize>
                  <selectedIndex>-1</selectedIndex>
                  <radius>100</radius>
                  <radiusIsPercent>True</radiusIsPercent>
                </control>
              </groupChildrenDescriptors>
              <textDirection>MiTextRight</textDirection>
              <iconSize>100</iconSize>
            </control>
            <control controlID="B402D481-653C-4C3F-94D4-C71163FEEE27" controlTypeID="IconLabel2" x="42" y="1490" w="286" h="100" zOrder="4">
              <caption>My+Reviews</caption>
              <groupChildrenDescriptors>
                <control controlID="A6D7AD2C-6069-4426-B276-CE064C7C47A5" controlTypeID="Shape" x="0" y="0" w="100" h="100" zOrder="0">
                  <canMove>False</canMove>
                  <alias>shape</alias>
                  <font family="Segoe+UI" displayName="Segoe+UI" postScript="" weightStyle="Normal" weight="400" isBold="False" isItalic="False"/>
                  <textSize>14</textSize>
                  <selectedIndex>-1</selectedIndex>
                </control>
                <control controlID="2FB4B7ED-EEE4-46BF-9CBC-58D853ED9E02" controlTypeID="Icon" x="0" y="0" w="100" h="100" zOrder="1">
                  <canMove>False</canMove>
                  <alias>icon</alias>
                  <icon>
                    <ID/>
                    <iconFontName>jdIonicons</iconFontName>
                    <iconCode>61740</iconCode>
                  </icon>
                  <URL>6E6D6863698839BD8858A6C5F26217E8.svg</URL>
                </control>
                <control controlID="031A32D2-0642-4EBC-8F2A-1D5872EDDE1B" controlTypeID="Label" x="104" y="28" w="182" h="43" zOrder="2">
                  <canMove>False</canMove>
                  <alias>label</alias>
                  <font family="Segoe+UI" displayName="Segoe+UI" postScript="" weightStyle="Normal" weight="400" isBold="False" isItalic="False"/>
                  <text>++My+Reviews</text>
                  <textColor>4284900966</textColor>
                  <textSize>32</textSize>
                  <textAlign>HaCenter</textAlign>
                  <lineSpacing>0</lineSpacing>
                  <useDefaultTextSize>False</useDefaultTextSize>
                  <selectedIndex>-1</selectedIndex>
                </control>
                <control controlID="0149D629-0D89-441D-8082-1735F098FF9C" controlTypeID="Shape" x="253" y="0" w="33" h="33" zOrder="3">
                  <color>4294901760</color>
                  <borderVisible>False</borderVisible>
                  <canMove>False</canMove>
                  <alias>alarm</alias>
                  <font family="Segoe+UI" displayName="Segoe+UI" postScript="" weightStyle="Normal" weight="400" isBold="False" isItalic="False"/>
                  <text>2</text>
                  <textColor>4294967295</textColor>
                  <textSize>22</textSize>
                  <selectedIndex>-1</selectedIndex>
                  <radius>100</radius>
                  <radiusIsPercent>True</radiusIsPercent>
                </control>
              </groupChildrenDescriptors>
              <textDirection>MiTextRight</textDirection>
              <iconSize>100</iconSize>
            </control>
            <control controlID="8C7CB13C-04FC-4932-837F-CE7D3459CDA1" controlTypeID="IconLabel2" x="40" y="1691" w="279" h="100" zOrder="5">
              <caption>Achievements</caption>
              <groupChildrenDescriptors>
                <control controlID="B7031BCA-B73A-4E26-8015-1DD67B3C99A2" controlTypeID="Shape" x="0" y="0" w="100" h="100" zOrder="0">
                  <canMove>False</canMove>
                  <alias>shape</alias>
                  <font family="Segoe+UI" displayName="Segoe+UI" postScript="" weightStyle="Normal" weight="400" isBold="False" isItalic="False"/>
                  <textSize>14</textSize>
                  <selectedIndex>-1</selectedIndex>
                </control>
                <control controlID="BDB9211F-A8EF-4E35-AEA5-60D15872E1C7" controlTypeID="Icon" x="0" y="0" w="100" h="100" zOrder="1">
                  <canMove>False</canMove>
                  <alias>icon</alias>
                  <icon>
                    <ID/>
                    <iconFontName>jdFontAwesome</iconFontName>
                    <iconCode>61575</iconCode>
                  </icon>
                  <URL>BA2EAB857711598DA1CFBDC2B8848DF5.svg</URL>
                </control>
                <control controlID="0C5D2EBF-523A-4C13-80F9-FF60C1201C73" controlTypeID="Label" x="104" y="28" w="175" h="43" zOrder="2">
                  <canMove>False</canMove>
                  <alias>label</alias>
                  <font family="Segoe+UI" displayName="Segoe+UI" postScript="" weightStyle="Normal" weight="400" isBold="False" isItalic="False"/>
                  <text>++My+Ratings</text>
                  <textColor>4284900966</textColor>
                  <textSize>32</textSize>
                  <textAlign>HaCenter</textAlign>
                  <lineSpacing>0</lineSpacing>
                  <useDefaultTextSize>False</useDefaultTextSize>
                  <selectedIndex>-1</selectedIndex>
                </control>
                <control controlID="766976E8-A8F3-47FA-89C5-AA316604F2B8" controlTypeID="Shape" x="246" y="0" w="33" h="33" zOrder="3">
                  <color>4294901760</color>
                  <borderVisible>False</borderVisible>
                  <canMove>False</canMove>
                  <alias>alarm</alias>
                  <font family="Segoe+UI" displayName="Segoe+UI" postScript="" weightStyle="Normal" weight="400" isBold="False" isItalic="False"/>
                  <text>2</text>
                  <textColor>4294967295</textColor>
                  <textSize>22</textSize>
                  <selectedIndex>-1</selectedIndex>
                  <radius>100</radius>
                  <radiusIsPercent>True</radiusIsPercent>
                </control>
              </groupChildrenDescriptors>
              <textDirection>MiTextRight</textDirection>
              <iconSize>100</iconSize>
            </control>
            <control controlID="4A20A70C-D21B-4526-8A31-22E8DEF32A4F" controlTypeID="IconLabel2" x="40" y="1909" w="222" h="100" zOrder="6">
              <caption>Achievements</caption>
              <groupChildrenDescriptors>
                <control controlID="7292B9AB-2DBA-4A85-9DC5-0E93DC29A2BB" controlTypeID="Shape" x="0" y="0" w="100" h="100" zOrder="0">
                  <canMove>False</canMove>
                  <alias>shape</alias>
                  <font family="Segoe+UI" displayName="Segoe+UI" postScript="" weightStyle="Normal" weight="400" isBold="False" isItalic="False"/>
                  <textSize>14</textSize>
                  <selectedIndex>-1</selectedIndex>
                </control>
                <control controlID="6D452B83-1B86-44E1-AD65-8095EFC13FD6" controlTypeID="Icon" x="0" y="0" w="100" h="100" zOrder="1">
                  <canMove>False</canMove>
                  <alias>icon</alias>
                  <icon>
                    <ID/>
                    <iconFontName>jdIcoFont</iconFontName>
                    <iconCode>59060</iconCode>
                  </icon>
                  <URL>06F4B6B25823822FF82366138953A6B2.svg</URL>
                </control>
                <control controlID="8632FF3B-41A9-4513-8A3F-E9CDCEC3D458" controlTypeID="Label" x="104" y="28" w="118" h="43" zOrder="2">
                  <canMove>False</canMove>
                  <alias>label</alias>
                  <font family="Segoe+UI" displayName="Segoe+UI" postScript="" weightStyle="Normal" weight="400" isBold="False" isItalic="False"/>
                  <text>++History</text>
                  <textColor>4284900966</textColor>
                  <textSize>32</textSize>
                  <textAlign>HaCenter</textAlign>
                  <lineSpacing>0</lineSpacing>
                  <useDefaultTextSize>False</useDefaultTextSize>
                  <selectedIndex>-1</selectedIndex>
                </control>
                <control controlID="B1DB49EF-2EBE-439A-8F8B-8BEBB1F7726F" controlTypeID="Shape" x="189" y="0" w="33" h="33" zOrder="3">
                  <color>4294901760</color>
                  <borderVisible>False</borderVisible>
                  <canMove>False</canMove>
                  <alias>alarm</alias>
                  <font family="Segoe+UI" displayName="Segoe+UI" postScript="" weightStyle="Normal" weight="400" isBold="False" isItalic="False"/>
                  <text>2</text>
                  <textColor>4294967295</textColor>
                  <textSize>22</textSize>
                  <selectedIndex>-1</selectedIndex>
                  <radius>100</radius>
                  <radiusIsPercent>True</radiusIsPercent>
                </control>
              </groupChildrenDescriptors>
              <textDirection>MiTextRight</textDirection>
              <iconSize>100</iconSize>
            </control>
            <control controlID="90F40D08-5E51-42C6-91AE-A547FE946F3F" controlTypeID="IconLabel2" x="47" y="711" w="252" h="100" zOrder="7">
              <caption>Achievements</caption>
              <groupChildrenDescriptors>
                <control controlID="B2073044-CF80-4016-B559-3B8486CF2511" controlTypeID="Shape" x="0" y="0" w="100" h="100" zOrder="0">
                  <canMove>False</canMove>
                  <alias>shape</alias>
                  <font family="Segoe+UI" displayName="Segoe+UI" postScript="" weightStyle="Normal" weight="400" isBold="False" isItalic="False"/>
                  <textSize>14</textSize>
                  <selectedIndex>-1</selectedIndex>
                </control>
                <control controlID="A6B068FB-AF0D-4B1E-AF94-814B5CBCF531" controlTypeID="Icon" x="0" y="0" w="100" h="100" zOrder="1">
                  <canMove>False</canMove>
                  <alias>icon</alias>
                  <icon>
                    <ID/>
                    <iconFontName>jdFontAwesome</iconFontName>
                    <iconCode>61597</iconCode>
                  </icon>
                  <URL>0F682EC005E6FFEB267452BCBE14BA12.svg</URL>
                </control>
                <control controlID="7F4BF6B5-A5F6-4EB4-8B9D-3DF33A244D14" controlTypeID="Label" x="104" y="28" w="148" h="43" zOrder="2">
                  <canMove>False</canMove>
                  <alias>label</alias>
                  <font family="Segoe+UI" displayName="Segoe+UI" postScript="" weightStyle="Normal" weight="400" isBold="False" isItalic="False"/>
                  <text>++Payment+</text>
                  <textColor>4284900966</textColor>
                  <textSize>32</textSize>
                  <textAlign>HaCenter</textAlign>
                  <lineSpacing>0</lineSpacing>
                  <useDefaultTextSize>False</useDefaultTextSize>
                  <selectedIndex>-1</selectedIndex>
                </control>
                <control controlID="8EE35CB4-196D-4923-BD4C-A34C1FCA3411" controlTypeID="Shape" x="219" y="0" w="33" h="33" zOrder="3">
                  <color>4294901760</color>
                  <borderVisible>False</borderVisible>
                  <canMove>False</canMove>
                  <alias>alarm</alias>
                  <font family="Segoe+UI" displayName="Segoe+UI" postScript="" weightStyle="Normal" weight="400" isBold="False" isItalic="False"/>
                  <text>2</text>
                  <textColor>4294967295</textColor>
                  <textSize>22</textSize>
                  <selectedIndex>-1</selectedIndex>
                  <radius>100</radius>
                  <radiusIsPercent>True</radiusIsPercent>
                </control>
              </groupChildrenDescriptors>
              <textDirection>MiTextRight</textDirection>
              <iconSize>100</iconSize>
            </control>
            <control controlID="E0AB3806-E0ED-412B-965C-E4F7612FD4D7" controlTypeID="IconLabel2" x="790" y="112" w="102" h="134" zOrder="8">
              <caption>Achievements</caption>
              <links eventType="AtClick" animate="AmNone" animateAutoDelay="0" animateDuration="0">
                <link targetPageID="06EB09E1-6DDB-4B25-B100-02EA424E5117" linkType="ltPageLink" isApplyIncludePage="False" title="Manage+Trips">
                  <area shape="0" alt="" ID="{DCFE6BE8-6061-4659-9DD8-B7FBC7AA3D1B}" coords="(0,0,102,134)"/>
                </link>
              </links>
              <groupChildrenDescriptors>
                <control controlID="DE9B4169-2022-4316-9E80-0E1F1A986C56" controlTypeID="Shape" x="2" y="0" w="98" h="98" zOrder="0">
                  <canMove>False</canMove>
                  <alias>shape</alias>
                  <font family="Segoe+UI" displayName="Segoe+UI" postScript="" weightStyle="Normal" weight="400" isBold="False" isItalic="False"/>
                  <textSize>14</textSize>
                  <selectedIndex>-1</selectedIndex>
                </control>
                <control controlID="0F830780-B208-404D-8A98-06796DA8E7E0" controlTypeID="Icon" x="2" y="0" w="98" h="98" zOrder="1">
                  <color>4294940928</color>
                  <canMove>False</canMove>
                  <alias>icon</alias>
                  <icon>
                    <ID/>
                    <iconFontName>jdIonicons</iconFontName>
                    <iconCode>61747</iconCode>
                  </icon>
                  <URL>95808BE677799CD413353FF189D8AB9B.svg</URL>
                </control>
                <control controlID="4DDFD7B9-5412-44F8-9151-0EB230909E2E" controlTypeID="Label" x="4" y="102" w="95" h="32" zOrder="2">
                  <canMove>False</canMove>
                  <alias>label</alias>
                  <font family="Segoe+UI" displayName="Segoe+UI" postScript="" weightStyle="Normal" weight="400" isBold="False" isItalic="False"/>
                  <text>Requests</text>
                  <textColor>4288256409</textColor>
                  <textSize>24</textSize>
                  <textAlign>HaCenter</textAlign>
                  <lineSpacing>0</lineSpacing>
                  <useDefaultTextSize>False</useDefaultTextSize>
                  <selectedIndex>-1</selectedIndex>
                </control>
                <control controlID="032BA677-F78C-4E1C-A4C6-26AE12A50AAC" controlTypeID="Shape" x="69" y="0" w="33" h="33" zOrder="3">
                  <color>4294901760</color>
                  <borderVisible>False</borderVisible>
                  <canMove>False</canMove>
                  <alias>alarm</alias>
                  <font family="Segoe+UI" displayName="Segoe+UI" postScript="" weightStyle="Normal" weight="400" isBold="False" isItalic="False"/>
                  <text>2</text>
                  <textColor>4294967295</textColor>
                  <textSize>22</textSize>
                  <selectedIndex>-1</selectedIndex>
                  <radius>100</radius>
                  <radiusIsPercent>True</radiusIsPercent>
                </control>
              </groupChildrenDescriptors>
              <iconSize>98</iconSize>
            </control>
            <control controlID="20FAC9D6-1CEF-4834-863B-0203C9957079" controlTypeID="Label" x="240" y="112" w="436" h="38" zOrder="9">
              <font family="Segoe+UI" displayName="Segoe+UI" postScript="" weightStyle="Normal" weight="400" isBold="False" isItalic="False"/>
              <text>Celine's+Groceries%2C+Rue+de+Gen%C3%A8ve...</text>
              <textColor>4288256409</textColor>
              <textSize>28</textSize>
              <lineSpacing>0</lineSpacing>
              <useDefaultTextSize>False</useDefaultTextSize>
              <selectedIndex>-1</selectedIndex>
            </control>
            <control controlID="F743D451-7D8F-411A-80E3-CAE44F62FB70" controlTypeID="Circle" x="858" y="112" w="34" h="35" zOrder="10">
              <color>4293937481</color>
              <borderColor>4278190080</borderColor>
              <font family="Segoe+UI" displayName="Segoe+UI" postScript="" weightStyle="Normal" weight="400" isBold="False" isItalic="False"/>
              <textSize>14</textSize>
              <selectedIndex>-1</selectedIndex>
              <shapeBorderType>SbEllipse</shapeBorderType>
            </control>
            <control controlID="164A7974-B622-4C0E-BF3E-4DDAAC895BB9" controlTypeID="IconLabel2" x="790" y="410" w="102" h="134" zOrder="11">
              <caption>Achievements</caption>
              <links eventType="AtClick" animate="AmNone" animateAutoDelay="0" animateDuration="500">
                <link targetPageID="13C547DD-BB93-47F3-8E85-B9ABA334C57B" linkType="ltPageLink" isApplyIncludePage="False" title="Manage+Offer">
                  <area shape="0" alt="" ID="{E5921B01-39A0-4FF2-AC8E-7FED0B915592}" coords="(0,0,102,134)"/>
                </link>
              </links>
              <groupChildrenDescriptors>
                <control controlID="4EC454F6-043C-4EDD-ACDE-B4D172B7AABE" controlTypeID="Shape" x="2" y="0" w="98" h="98" zOrder="0">
                  <canMove>False</canMove>
                  <alias>shape</alias>
                  <font family="Segoe+UI" displayName="Segoe+UI" postScript="" weightStyle="Normal" weight="400" isBold="False" isItalic="False"/>
                  <textSize>14</textSize>
                  <selectedIndex>-1</selectedIndex>
                </control>
                <control controlID="5B6A37CE-B53F-4E33-B1E9-ABB6C3F53DDB" controlTypeID="Icon" x="2" y="0" w="98" h="98" zOrder="1">
                  <color>4294940928</color>
                  <canMove>False</canMove>
                  <alias>icon</alias>
                  <icon>
                    <ID/>
                    <iconFontName>jdIonicons</iconFontName>
                    <iconCode>61747</iconCode>
                  </icon>
                  <URL>95808BE677799CD413353FF189D8AB9B.svg</URL>
                </control>
                <control controlID="77DE00D0-40D9-4379-9B31-BCEC59E13D72" controlTypeID="Label" x="19" y="102" w="64" h="32" zOrder="2">
                  <canMove>False</canMove>
                  <alias>label</alias>
                  <font family="Segoe+UI" displayName="Segoe+UI" postScript="" weightStyle="Normal" weight="400" isBold="False" isItalic="False"/>
                  <text>Offers</text>
                  <textColor>4288256409</textColor>
                  <textSize>24</textSize>
                  <textAlign>HaCenter</textAlign>
                  <lineSpacing>0</lineSpacing>
                  <useDefaultTextSize>False</useDefaultTextSize>
                  <selectedIndex>-1</selectedIndex>
                </control>
                <control controlID="829C4BF8-D259-457F-B7BF-DCDBF4E57583" controlTypeID="Shape" x="69" y="0" w="33" h="33" zOrder="3">
                  <color>4294901760</color>
                  <borderVisible>False</borderVisible>
                  <canMove>False</canMove>
                  <alias>alarm</alias>
                  <font family="Segoe+UI" displayName="Segoe+UI" postScript="" weightStyle="Normal" weight="400" isBold="False" isItalic="False"/>
                  <text>2</text>
                  <textColor>4294967295</textColor>
                  <textSize>22</textSize>
                  <selectedIndex>-1</selectedIndex>
                  <radius>100</radius>
                  <radiusIsPercent>True</radiusIsPercent>
                </control>
              </groupChildrenDescriptors>
              <iconSize>98</iconSize>
            </control>
            <control controlID="A90C264B-9578-4F26-95C9-2FF6F11CE0BB" controlTypeID="IconLabel2" x="40" y="374" w="131" h="147" zOrder="12">
              <caption>Achievements</caption>
              <groupChildrenDescriptors>
                <control controlID="CFED420E-7EB5-4008-AE9B-64C4B8588F29" controlTypeID="Shape" x="16" y="0" w="100" h="100" zOrder="0">
                  <canMove>False</canMove>
                  <alias>shape</alias>
                  <font family="Segoe+UI" displayName="Segoe+UI" postScript="" weightStyle="Normal" weight="400" isBold="False" isItalic="False"/>
                  <textSize>14</textSize>
                  <selectedIndex>-1</selectedIndex>
                </control>
                <control controlID="EC03BE7C-A573-495E-B0C1-3513EC9DB6BD" controlTypeID="Icon" x="16" y="0" w="100" h="100" zOrder="1">
                  <canMove>False</canMove>
                  <alias>icon</alias>
                  <icon>
                    <ID/>
                    <iconFontName>jdIonicons</iconFontName>
                    <iconCode>62320</iconCode>
                  </icon>
                  <URL>DE7A3840C7CBA1B69449E3DDB42FE32A.svg</URL>
                </control>
                <control controlID="A55A7B55-32D6-4B11-A655-5EDD835BAB21" controlTypeID="Label" x="2" y="104" w="127" h="43" zOrder="2">
                  <canMove>False</canMove>
                  <alias>label</alias>
                  <font family="Segoe+UI" displayName="Segoe+UI" postScript="" weightStyle="Normal" weight="400" isBold="False" isItalic="False" useDefaultFontFamily="False"/>
                  <text>Requests</text>
                  <textColor>4284900966</textColor>
                  <textSize>32</textSize>
                  <textAlign>HaCenter</textAlign>
                  <lineSpacing>0</lineSpacing>
                  <useDefaultTextSize>False</useDefaultTextSize>
                  <selectedIndex>-1</selectedIndex>
                </control>
                <control controlID="8CCB956F-AD59-4C45-AB03-2B9A654E0C2E" controlTypeID="Shape" x="98" y="0" w="33" h="33" zOrder="3">
                  <color>4294901760</color>
                  <borderVisible>False</borderVisible>
                  <canMove>False</canMove>
                  <alias>alarm</alias>
                  <font family="Segoe+UI" displayName="Segoe+UI" postScript="" weightStyle="Normal" weight="400" isBold="False" isItalic="False"/>
                  <text>2</text>
                  <textColor>4294967295</textColor>
                  <textSize>22</textSize>
                  <selectedIndex>-1</selectedIndex>
                  <radius>100</radius>
                  <radiusIsPercent>True</radiusIsPercent>
                </control>
              </groupChildrenDescriptors>
              <iconSize>100</iconSize>
            </control>
            <control controlID="DEF01523-4CDC-44C4-9C77-6E839B35F8AD" controlTypeID="IconLabel2" x="40" y="55" w="118" h="161" zOrder="13">
              <caption>Achievements</caption>
              <links eventType="AtClick" animate="AmSlideLeft" animateAutoDelay="0" animateDuration="500">
                <link targetPageID="A7A2E4E4-1B05-4220-93D8-E9868E0F23C3" linkType="ltPageLink" isApplyIncludePage="False" title="Manage+trip">
                  <area shape="0" alt="" ID="{F1228AB3-C8F5-4FE4-9FF7-19F3644F254A}" coords="(0,0,118,161)"/>
                </link>
              </links>
              <groupChildrenDescriptors>
                <control controlID="38088C70-6FA6-49AE-AAE7-3794D7C41196" controlTypeID="Shape" x="2" y="0" w="114" h="114" zOrder="0">
                  <canMove>False</canMove>
                  <alias>shape</alias>
                  <font family="Segoe+UI" displayName="Segoe+UI" postScript="" weightStyle="Normal" weight="400" isBold="False" isItalic="False"/>
                  <textSize>14</textSize>
                  <selectedIndex>-1</selectedIndex>
                </control>
                <control controlID="B7FE7C9D-654F-42A9-89AB-8A2BE017DFE8" controlTypeID="Icon" x="2" y="0" w="114" h="114" zOrder="1">
                  <canMove>False</canMove>
                  <alias>icon</alias>
                  <icon>
                    <ID/>
                    <iconFontName>jdIonicons</iconFontName>
                    <iconCode>62395</iconCode>
                  </icon>
                  <URL>2DC4046875679DEA4111B47AE9385427.svg</URL>
                </control>
                <control controlID="D4CF6A7C-5CA6-4C88-93EA-18A1B7F76B20" controlTypeID="Label" x="26" y="118" w="65" h="43" zOrder="2">
                  <canMove>False</canMove>
                  <alias>label</alias>
                  <font family="Segoe+UI" displayName="Segoe+UI" postScript="" weightStyle="Normal" weight="400" isBold="False" isItalic="False" useDefaultFontFamily="False"/>
                  <text>Trips</text>
                  <textColor>4284900966</textColor>
                  <textSize>32</textSize>
                  <textAlign>HaCenter</textAlign>
                  <lineSpacing>0</lineSpacing>
                  <useDefaultTextSize>False</useDefaultTextSize>
                  <selectedIndex>-1</selectedIndex>
                </control>
                <control controlID="D471F409-5284-4AFB-A9A2-9A77CD6A6F34" controlTypeID="Shape" x="80" y="0" w="38" h="38" zOrder="3">
                  <color>4294901760</color>
                  <borderVisible>False</borderVisible>
                  <canMove>False</canMove>
                  <alias>alarm</alias>
                  <font family="Segoe+UI" displayName="Segoe+UI" postScript="" weightStyle="Normal" weight="400" isBold="False" isItalic="False"/>
                  <text>2</text>
                  <textColor>4294967295</textColor>
                  <textSize>26</textSize>
                  <selectedIndex>-1</selectedIndex>
                  <radius>100</radius>
                  <radiusIsPercent>True</radiusIsPercent>
                </control>
              </groupChildrenDescriptors>
              <iconSize>114</iconSize>
            </control>
            <control controlID="45378BA9-F9F1-4145-B21B-99E17D1857EE" controlTypeID="IconLabel2" x="240" y="160" w="130" h="36" zOrder="14">
              <caption>Achievements</caption>
              <groupChildrenDescriptors>
                <control controlID="EB95AB27-4C9B-466B-9D89-4D45C2F891B6" controlTypeID="Shape" x="0" y="3" w="30" h="30" zOrder="0">
                  <canMove>False</canMove>
                  <alias>shape</alias>
                  <font family="Segoe+UI" displayName="Segoe+UI" postScript="" weightStyle="Normal" weight="400" isBold="False" isItalic="False"/>
                  <textSize>14</textSize>
                  <selectedIndex>-1</selectedIndex>
                </control>
                <control controlID="0C52B884-6473-48EF-AAE1-1CBB5C68DAFA" controlTypeID="Icon" x="0" y="3" w="30" h="30" zOrder="1">
                  <color>4294940928</color>
                  <canMove>False</canMove>
                  <alias>icon</alias>
                  <icon>
                    <ID/>
                    <iconFontName>jdIonicons</iconFontName>
                    <iconCode>62161</iconCode>
                  </icon>
                  <URL>524D9A41776CD1EF98956BB68F9875AC.svg</URL>
                </control>
                <control controlID="1F609C94-A3B1-4635-940D-EF32B93D48E4" controlTypeID="Label" x="34" y="2" w="96" h="32" zOrder="2">
                  <canMove>False</canMove>
                  <alias>label</alias>
                  <font family="Segoe+UI" displayName="Segoe+UI" postScript="" weightStyle="Normal" weight="400" isBold="False" isItalic="False"/>
                  <text>6%2F4%2F2020</text>
                  <textColor>4288256409</textColor>
                  <textSize>24</textSize>
                  <textAlign>HaCenter</textAlign>
                  <lineSpacing>0</lineSpacing>
                  <useDefaultTextSize>False</useDefaultTextSize>
                  <selectedIndex>-1</selectedIndex>
                </control>
                <control controlID="0FF680F1-0163-4F59-B1C0-5F577A93690B" controlTypeID="Shape" x="117" y="0" w="13" h="12" zOrder="3">
                  <color>4294901760</color>
                  <borderVisible>False</borderVisible>
                  <canMove>False</canMove>
                  <alias>alarm</alias>
                  <font family="Segoe+UI" displayName="Segoe+UI" postScript="" weightStyle="Normal" weight="400" isBold="False" isItalic="False"/>
                  <text>2</text>
                  <textColor>4294967295</textColor>
                  <textSize>7</textSize>
                  <selectedIndex>-1</selectedIndex>
                  <radius>100</radius>
                  <radiusIsPercent>True</radiusIsPercent>
                </control>
              </groupChildrenDescriptors>
              <textDirection>MiTextRight</textDirection>
              <iconSize>30</iconSize>
            </control>
            <control controlID="62B36AA5-9ED8-4A00-90FC-B2EBA4F0FF36" controlTypeID="IconLabel2" x="240" y="203" w="91" h="36" zOrder="15">
              <caption>Achievements</caption>
              <groupChildrenDescriptors>
                <control controlID="5ADDE5F7-899F-44C1-8E0B-6AFE221F77EE" controlTypeID="Shape" x="0" y="3" w="30" h="30" zOrder="0">
                  <canMove>False</canMove>
                  <alias>shape</alias>
                  <font family="Segoe+UI" displayName="Segoe+UI" postScript="" weightStyle="Normal" weight="400" isBold="False" isItalic="False"/>
                  <textSize>14</textSize>
                  <selectedIndex>-1</selectedIndex>
                </control>
                <control controlID="EEF349C2-FCD9-4391-A2EF-87FDA7452C06" controlTypeID="Icon" x="0" y="3" w="30" h="30" zOrder="1">
                  <color>4294940928</color>
                  <canMove>False</canMove>
                  <alias>icon</alias>
                  <icon>
                    <ID/>
                    <iconFontName>jdIonicons</iconFontName>
                    <iconCode>62387</iconCode>
                  </icon>
                  <URL>0CCFED0BD1BC3BB4D610117937314139.svg</URL>
                </control>
                <control controlID="C3FE93D6-2410-4E48-BD71-E97BE507DB4D" controlTypeID="Label" x="34" y="2" w="57" h="32" zOrder="2">
                  <canMove>False</canMove>
                  <alias>label</alias>
                  <font family="Segoe+UI" displayName="Segoe+UI" postScript="" weightStyle="Normal" weight="400" isBold="False" isItalic="False"/>
                  <text>14%3A35</text>
                  <textColor>4288256409</textColor>
                  <textSize>24</textSize>
                  <textAlign>HaCenter</textAlign>
                  <lineSpacing>0</lineSpacing>
                  <useDefaultTextSize>False</useDefaultTextSize>
                  <selectedIndex>-1</selectedIndex>
                </control>
                <control controlID="AA4B386C-CF5A-43C0-8050-68617319BCA7" controlTypeID="Shape" x="78" y="0" w="13" h="12" zOrder="3">
                  <color>4294901760</color>
                  <borderVisible>False</borderVisible>
                  <canMove>False</canMove>
                  <alias>alarm</alias>
                  <font family="Segoe+UI" displayName="Segoe+UI" postScript="" weightStyle="Normal" weight="400" isBold="False" isItalic="False"/>
                  <text>2</text>
                  <textColor>4294967295</textColor>
                  <textSize>7</textSize>
                  <selectedIndex>-1</selectedIndex>
                  <radius>100</radius>
                  <radiusIsPercent>True</radiusIsPercent>
                </control>
              </groupChildrenDescriptors>
              <textDirection>MiTextRight</textDirection>
              <iconSize>30</iconSize>
            </control>
            <control controlID="CCF07237-740F-453C-A18B-D9374667D81B" controlTypeID="Shape" x="204" y="382" w="563" h="202" zOrder="16">
              <links eventType="AtClick" animate="AmNone" animateAutoDelay="0" animateDuration="500">
                <link targetPageID="13C547DD-BB93-47F3-8E85-B9ABA334C57B" linkType="ltPageLink" isApplyIncludePage="False" title="Offer+Details">
                  <area shape="0" alt="" ID="{8E55C6BA-5B23-4F64-8643-44A45BD80DBA}" coords="(0,0,563,202)"/>
                </link>
              </links>
              <font family="Segoe+UI" displayName="Segoe+UI" postScript="" weightStyle="Normal" weight="400" isBold="False" isItalic="False"/>
              <textSize>14</textSize>
              <selectedIndex>-1</selectedIndex>
              <radius>20</radius>
            </control>
            <control controlID="4D0BB3EA-DB8F-4776-B6FB-8C88083553DD" controlTypeID="IconLabel2" x="414" y="160" w="102" h="36" zOrder="17">
              <caption>Achievements</caption>
              <groupChildrenDescriptors>
                <control controlID="F4682B30-1F39-4A17-A0CA-5535C61ABEB7" controlTypeID="Shape" x="0" y="3" w="30" h="30" zOrder="0">
                  <canMove>False</canMove>
                  <alias>shape</alias>
                  <font family="Segoe+UI" displayName="Segoe+UI" postScript="" weightStyle="Normal" weight="400" isBold="False" isItalic="False"/>
                  <textSize>14</textSize>
                  <selectedIndex>-1</selectedIndex>
                </control>
                <control controlID="80DD9ACB-E779-42DF-8816-AF32E1F69E27" controlTypeID="Icon" x="0" y="3" w="30" h="30" zOrder="1">
                  <color>4294940928</color>
                  <canMove>False</canMove>
                  <alias>icon</alias>
                  <icon>
                    <ID/>
                    <iconFontName>jdFontAwesome</iconFontName>
                    <iconCode>62096</iconCode>
                  </icon>
                  <URL>E6476C5B05119F5F60623A7C58E43966.svg</URL>
                </control>
                <control controlID="56692D75-A39C-4FB7-B2F2-CC7671878219" controlTypeID="Label" x="34" y="2" w="68" h="32" zOrder="2">
                  <canMove>False</canMove>
                  <alias>label</alias>
                  <font family="Segoe+UI" displayName="Segoe+UI" postScript="" weightStyle="Normal" weight="400" isBold="False" isItalic="False"/>
                  <text>3-5+kg</text>
                  <textColor>4288256409</textColor>
                  <textSize>24</textSize>
                  <textAlign>HaCenter</textAlign>
                  <lineSpacing>0</lineSpacing>
                  <useDefaultTextSize>False</useDefaultTextSize>
                  <selectedIndex>-1</selectedIndex>
                </control>
                <control controlID="1BA23423-6BB1-405B-A936-D8A136D2F64C" controlTypeID="Shape" x="89" y="0" w="13" h="12" zOrder="3">
                  <color>4294901760</color>
                  <borderVisible>False</borderVisible>
                  <canMove>False</canMove>
                  <alias>alarm</alias>
                  <font family="Segoe+UI" displayName="Segoe+UI" postScript="" weightStyle="Normal" weight="400" isBold="False" isItalic="False"/>
                  <text>2</text>
                  <textColor>4294967295</textColor>
                  <textSize>7</textSize>
                  <selectedIndex>-1</selectedIndex>
                  <radius>100</radius>
                  <radiusIsPercent>True</radiusIsPercent>
                </control>
              </groupChildrenDescriptors>
              <textDirection>MiTextRight</textDirection>
              <iconSize>30</iconSize>
            </control>
            <control controlID="993B4F81-9CB9-4D0E-AD28-F73A867CEFCA" controlTypeID="IconLabel2" x="414" y="203" w="93" h="36" zOrder="18">
              <caption>Achievements</caption>
              <groupChildrenDescriptors>
                <control controlID="ED5F069E-35B7-4DDD-AF2A-1A2BDF27C616" controlTypeID="Shape" x="0" y="3" w="30" h="30" zOrder="0">
                  <canMove>False</canMove>
                  <alias>shape</alias>
                  <font family="Segoe+UI" displayName="Segoe+UI" postScript="" weightStyle="Normal" weight="400" isBold="False" isItalic="False"/>
                  <textSize>14</textSize>
                  <selectedIndex>-1</selectedIndex>
                </control>
                <control controlID="97E843F3-2553-431D-A2D6-3CE253956785" controlTypeID="Icon" x="0" y="3" w="30" h="30" zOrder="1">
                  <color>4294940928</color>
                  <canMove>False</canMove>
                  <alias>icon</alias>
                  <icon>
                    <ID/>
                    <iconFontName>jdIonicons</iconFontName>
                    <iconCode>62395</iconCode>
                  </icon>
                  <URL>2DC4046875679DEA4111B47AE9385427.svg</URL>
                </control>
                <control controlID="F673C471-9180-4851-AD82-0CB655586DCF" controlTypeID="Label" x="34" y="2" w="59" h="32" zOrder="2">
                  <canMove>False</canMove>
                  <alias>label</alias>
                  <font family="Segoe+UI" displayName="Segoe+UI" postScript="" weightStyle="Normal" weight="400" isBold="False" isItalic="False"/>
                  <text>500m</text>
                  <textColor>4288256409</textColor>
                  <textSize>24</textSize>
                  <textAlign>HaCenter</textAlign>
                  <lineSpacing>0</lineSpacing>
                  <useDefaultTextSize>False</useDefaultTextSize>
                  <selectedIndex>-1</selectedIndex>
                </control>
                <control controlID="9362BF37-0C3F-48E2-9964-E7FBDF7CFA3C" controlTypeID="Shape" x="80" y="0" w="13" h="12" zOrder="3">
                  <color>4294901760</color>
                  <borderVisible>False</borderVisible>
                  <canMove>False</canMove>
                  <alias>alarm</alias>
                  <font family="Segoe+UI" displayName="Segoe+UI" postScript="" weightStyle="Normal" weight="400" isBold="False" isItalic="False"/>
                  <text>2</text>
                  <textColor>4294967295</textColor>
                  <textSize>7</textSize>
                  <selectedIndex>-1</selectedIndex>
                  <radius>100</radius>
                  <radiusIsPercent>True</radiusIsPercent>
                </control>
              </groupChildrenDescriptors>
              <textDirection>MiTextRight</textDirection>
              <iconSize>30</iconSize>
            </control>
            <control controlID="F5BBA59C-5473-4404-98A8-038A4078CBDE" controlTypeID="IconLabel2" x="239" y="417" w="98" h="36" zOrder="19">
              <caption>Achievements</caption>
              <groupChildrenDescriptors>
                <control controlID="EFAD5EBB-616D-4C3F-8DBC-7FCCDA1B735A" controlTypeID="Shape" x="0" y="3" w="30" h="30" zOrder="0">
                  <canMove>False</canMove>
                  <alias>shape</alias>
                  <font family="Segoe+UI" displayName="Segoe+UI" postScript="" weightStyle="Normal" weight="400" isBold="False" isItalic="False"/>
                  <textSize>14</textSize>
                  <selectedIndex>-1</selectedIndex>
                </control>
                <control controlID="6A2BD09D-062D-452F-AE32-036C92CD5D81" controlTypeID="Icon" x="0" y="3" w="30" h="30" zOrder="1">
                  <color>4294940928</color>
                  <canMove>False</canMove>
                  <alias>icon</alias>
                  <icon>
                    <ID/>
                    <iconFontName>jdFontAwesome</iconFontName>
                    <iconCode>62096</iconCode>
                  </icon>
                  <URL>E6476C5B05119F5F60623A7C58E43966.svg</URL>
                </control>
                <control controlID="8733EE62-23F7-4920-8666-CF1240C75A46" controlTypeID="Label" x="34" y="2" w="64" h="32" zOrder="2">
                  <canMove>False</canMove>
                  <alias>label</alias>
                  <font family="Segoe+UI" displayName="Segoe+UI" postScript="" weightStyle="Normal" weight="400" isBold="False" isItalic="False"/>
                  <text>7.5+kg</text>
                  <textColor>4288256409</textColor>
                  <textSize>24</textSize>
                  <textAlign>HaCenter</textAlign>
                  <lineSpacing>0</lineSpacing>
                  <useDefaultTextSize>False</useDefaultTextSize>
                  <selectedIndex>-1</selectedIndex>
                </control>
                <control controlID="416EBBDA-53B2-4C25-AFA2-8414938619BC" controlTypeID="Shape" x="85" y="0" w="13" h="12" zOrder="3">
                  <color>4294901760</color>
                  <borderVisible>False</borderVisible>
                  <canMove>False</canMove>
                  <alias>alarm</alias>
                  <font family="Segoe+UI" displayName="Segoe+UI" postScript="" weightStyle="Normal" weight="400" isBold="False" isItalic="False"/>
                  <text>2</text>
                  <textColor>4294967295</textColor>
                  <textSize>7</textSize>
                  <selectedIndex>-1</selectedIndex>
                  <radius>100</radius>
                  <radiusIsPercent>True</radiusIsPercent>
                </control>
              </groupChildrenDescriptors>
              <textDirection>MiTextRight</textDirection>
              <iconSize>30</iconSize>
            </control>
            <control controlID="38BB661D-C416-421F-9942-68B77F26EFFC" controlTypeID="IconLabel2" x="239" y="467" w="110" h="36" zOrder="20">
              <caption>Achievements</caption>
              <groupChildrenDescriptors>
                <control controlID="2A3FB3CB-B15C-4D12-87F3-96E8C665DCE4" controlTypeID="Shape" x="0" y="3" w="30" h="30" zOrder="0">
                  <canMove>False</canMove>
                  <alias>shape</alias>
                  <font family="Segoe+UI" displayName="Segoe+UI" postScript="" weightStyle="Normal" weight="400" isBold="False" isItalic="False"/>
                  <textSize>14</textSize>
                  <selectedIndex>-1</selectedIndex>
                </control>
                <control controlID="421217A5-A9CB-4CFD-8D54-40CD621E4DD3" controlTypeID="Icon" x="0" y="3" w="30" h="30" zOrder="1">
                  <color>4294940928</color>
                  <canMove>False</canMove>
                  <alias>icon</alias>
                  <icon>
                    <ID/>
                    <iconFontName>jdIonicons</iconFontName>
                    <iconCode>62291</iconCode>
                  </icon>
                  <URL>02408E34A3EFDE5AD33D4DC61C896B5A.svg</URL>
                </control>
                <control controlID="8D6FBC9C-341D-4FE8-9C22-DA2C5F11C949" controlTypeID="Label" x="34" y="2" w="76" h="32" zOrder="2">
                  <canMove>False</canMove>
                  <alias>label</alias>
                  <font family="Segoe+UI" displayName="Segoe+UI" postScript="" weightStyle="Normal" weight="400" isBold="False" isItalic="False"/>
                  <text>28+CHF</text>
                  <textColor>4288256409</textColor>
                  <textSize>24</textSize>
                  <textAlign>HaCenter</textAlign>
                  <lineSpacing>0</lineSpacing>
                  <useDefaultTextSize>False</useDefaultTextSize>
                  <selectedIndex>-1</selectedIndex>
                </control>
                <control controlID="C9D94D2E-173A-448C-85A8-A69314FF6D39" controlTypeID="Shape" x="97" y="0" w="13" h="12" zOrder="3">
                  <color>4294901760</color>
                  <borderVisible>False</borderVisible>
                  <canMove>False</canMove>
                  <alias>alarm</alias>
                  <font family="Segoe+UI" displayName="Segoe+UI" postScript="" weightStyle="Normal" weight="400" isBold="False" isItalic="False"/>
                  <text>2</text>
                  <textColor>4294967295</textColor>
                  <textSize>7</textSize>
                  <selectedIndex>-1</selectedIndex>
                  <radius>100</radius>
                  <radiusIsPercent>True</radiusIsPercent>
                </control>
              </groupChildrenDescriptors>
              <textDirection>MiTextRight</textDirection>
              <iconSize>30</iconSize>
            </control>
            <control controlID="E65B8F0C-6A19-408B-8515-590A228E8845" controlTypeID="Label" x="204" y="30" w="255" h="54" zOrder="21">
              <font family="Segoe+UI" displayName="Segoe+UI" postScript="" weightStyle="Normal" weight="400" isBold="False" isItalic="False"/>
              <text>Upcoming+trip</text>
              <textColor>4287335307</textColor>
              <textSize>40</textSize>
              <lineSpacing>0</lineSpacing>
              <useDefaultTextSize>False</useDefaultTextSize>
              <selectedIndex>-1</selectedIndex>
            </control>
            <control controlID="077B513A-EC11-45D8-A233-DC03FAF2B0BB" controlTypeID="List" x="481" y="387" w="276" h="195" zOrder="22">
              <color>15790320</color>
              <borderColor>4288256409</borderColor>
              <borderVisible>False</borderVisible>
              <font family="Segoe+UI" displayName="Segoe+UI" postScript="" weightStyle="Normal" weight="400" isBold="False" isItalic="False" useDefaultFontFamily="False"/>
              <text>4L+Skim+Milk%0D%0A1+Dozen+Eggs%0D%0A2Kg+Potatoes%0D%0ATomatoe+Sauce%0D%0ASpaghetti%0D%0A</text>
              <textColor>4288256409</textColor>
              <textSize>20</textSize>
              <lineSpacing>0</lineSpacing>
              <useDefaultTextSize>False</useDefaultTextSize>
              <selectedColor>268435455</selectedColor>
              <textPadding>12</textPadding>
              <itemHeight>33</itemHeight>
              <interlaceColor>4294760781</interlaceColor>
              <separatorColor>4291677645</separatorColor>
              <showSeparator>True</showSeparator>
              <selectedTextColor>4288256409</selectedTextColor>
            </control>
            <control controlID="E4106355-B3AD-48F4-90B4-635E73AC6E2F" controlTypeID="IconLabel2" x="239" y="512" w="139" h="36" zOrder="23">
              <caption>Achievements</caption>
              <groupChildrenDescriptors>
                <control controlID="C7BDFDDA-C350-4ABB-ADFB-463A719E5184" controlTypeID="Shape" x="0" y="3" w="30" h="30" zOrder="0">
                  <canMove>False</canMove>
                  <alias>shape</alias>
                  <font family="Segoe+UI" displayName="Segoe+UI" postScript="" weightStyle="Normal" weight="400" isBold="False" isItalic="False"/>
                  <textSize>14</textSize>
                  <selectedIndex>-1</selectedIndex>
                </control>
                <control controlID="7B78F2C9-3697-451A-B224-FFC88732961E" controlTypeID="Icon" x="0" y="3" w="30" h="30" zOrder="1">
                  <color>4294940928</color>
                  <canMove>False</canMove>
                  <alias>icon</alias>
                  <icon>
                    <ID/>
                    <iconFontName>jdIonicons</iconFontName>
                    <iconCode>62434</iconCode>
                  </icon>
                  <URL>8C9055E8D03B9C1D942C2CAFB8A8A160.svg</URL>
                </control>
                <control controlID="0E19D8B3-CEC8-4700-822A-8D5453AB893B" controlTypeID="Label" x="34" y="2" w="105" h="32" zOrder="2">
                  <canMove>False</canMove>
                  <alias>label</alias>
                  <font family="Segoe+UI" displayName="Segoe+UI" postScript="" weightStyle="Normal" weight="400" isBold="False" isItalic="False"/>
                  <text>+No+offers</text>
                  <textColor>4288256409</textColor>
                  <textSize>24</textSize>
                  <textAlign>HaCenter</textAlign>
                  <lineSpacing>0</lineSpacing>
                  <useDefaultTextSize>False</useDefaultTextSize>
                  <selectedIndex>-1</selectedIndex>
                </control>
                <control controlID="7A81DC7F-9B91-4FE9-9158-21450FC0B8F8" controlTypeID="Shape" x="126" y="0" w="13" h="12" zOrder="3">
                  <color>4294901760</color>
                  <borderVisible>False</borderVisible>
                  <canMove>False</canMove>
                  <alias>alarm</alias>
                  <font family="Segoe+UI" displayName="Segoe+UI" postScript="" weightStyle="Normal" weight="400" isBold="False" isItalic="False"/>
                  <text>2</text>
                  <textColor>4294967295</textColor>
                  <textSize>7</textSize>
                  <selectedIndex>-1</selectedIndex>
                  <radius>100</radius>
                  <radiusIsPercent>True</radiusIsPercent>
                </control>
              </groupChildrenDescriptors>
              <textDirection>MiTextRight</textDirection>
              <iconSize>30</iconSize>
            </control>
            <control controlID="0A9EADF7-B500-43C3-BF2F-5E5E8CF68341" controlTypeID="Label" x="205" y="316" w="276" h="54" zOrder="24">
              <font family="Segoe+UI" displayName="Segoe+UI" postScript="" weightStyle="Normal" weight="400" isBold="False" isItalic="False"/>
              <text>Current+request</text>
              <textColor>4287335307</textColor>
              <textSize>40</textSize>
              <lineSpacing>0</lineSpacing>
              <useDefaultTextSize>False</useDefaultTextSize>
              <selectedIndex>-1</selectedIndex>
            </control>
          </groupChildrenDescriptors>
        </control>
        <control controlID="EFA5C2C1-5439-4BA3-AB4E-6BA0FBFF83EA" controlTypeID="Border" x="0" y="0" w="968" h="1375" zOrder="1">
          <color>4284900966</color>
          <borderColor>4278190080</borderColor>
          <borderVisible>False</borderVisible>
          <alias>borderLayer</alias>
        </control>
      </groupChildrenDescriptors>
      <showScrollBars>False</showScrollBars>
    </control>
    <control controlID="1BACBA7F-AC47-471B-AF74-BD40CB8C97CC" controlTypeID="Label" x="72" y="61" w="319" h="96" zOrder="15">
      <font family="Segoe+UI" displayName="Segoe+UI_%26_Bold" postScript="" weightStyle="Bold" weight="700" isBold="True" isItalic="False"/>
      <text>John+Doe</text>
      <textColor>4294967295</textColor>
      <textSize>72</textSize>
      <lineSpacing>0</lineSpacing>
      <textStyles>[fsBold]</textStyles>
      <useDefaultTextSize>False</useDefaultTextSize>
      <selectedIndex>-1</selectedIndex>
    </control>
    <control controlID="6943A3AA-DACC-47C0-89CA-6207DEB3B46C" controlTypeID="Circle" x="809" y="49" w="184" h="178" zOrder="16">
      <font family="Segoe+UI" displayName="Segoe+UI" postScript="" weightStyle="Normal" weight="400" isBold="False" isItalic="False"/>
      <textSize>14</textSize>
      <useDefaultTextSize>False</useDefaultTextSize>
      <selectedIndex>-1</selectedIndex>
      <shapeBorderType>SbEllipse</shapeBorderType>
    </control>
    <control controlID="51B272AD-C8E1-48FD-8A35-22532D8C3AAB" controlTypeID="Icon" x="837" y="73" w="130" h="130" zOrder="17">
      <color>4288256409</color>
      <icon>
        <ID/>
        <iconFontName>jdiconfontB</iconFontName>
        <iconCode>59648</iconCode>
      </icon>
      <URL>42CF9E031360EBC09387427849BF6328.svg</URL>
    </control>
    <control controlID="5E226EEF-0DC5-48DD-9D8B-935FC1A4311C" controlTypeID="Circle" x="816" y="277" w="177" h="177" zOrder="18">
      <font family="Segoe+UI" displayName="Segoe+UI" postScript="" weightStyle="Normal" weight="400" isBold="False" isItalic="False" useDefaultFontFamily="False"/>
      <textSize>14</textSize>
      <selectedIndex>-1</selectedIndex>
      <shapeBorderType>SbEllipse</shapeBorderType>
      <dashMode>SdDash</dashMode>
    </control>
    <control controlID="002A7D34-A1A5-4561-AEB4-E8E6FD433EBD" controlTypeID="Icon" x="864" y="326" w="80" h="80" zOrder="19">
      <icon>
        <ID/>
        <iconFontName>jdIonicons</iconFontName>
        <iconCode>62334</iconCode>
      </icon>
      <URL>69A4D1E5CE13432C6A4F579026917C6A.svg</URL>
    </control>
  </controls>
  <param>
    <backgroundColor>4294967295</backgroundColor>
    <fontSize>0</fontSize>
    <fontFamily/>
    <guideLines/>
  </param>
</mockup>