<mockup version="5.3" minAllowVersion="5.3" ID="DA3BA74B-A767-45BF-A019-FEB46829E01B" platform="MtMobile" defaultW="1080" defaultH="1960" measureW="1080" measureH="1960" screenOrientation="MoPortrait" mobileScreenScale="1.77777779102325" clipArea="(0,0,0,0)">
  <controls controlCount="47">
    <control controlID="B7659739-8C19-4B72-AB20-2BE55241DBB5" controlTypeID="Shape" x="0" y="0" w="1080" h="438" zOrder="0">
      <color>4294927872</color>
      <borderColor>6710886</borderColor>
      <font family="Segoe+UI" displayName="Segoe+UI" postScript="" weightStyle="Regular" weight="400" isBold="False" isItalic="False"/>
      <textColor>4294927872</textColor>
      <textSize>14</textSize>
      <selectedIndex>-1</selectedIndex>
    </control>
    <control controlID="16E77F13-FC95-4B11-9D9B-CB3CE29B97D9" controlTypeID="Shape" x="0" y="0" w="1080" h="862" zOrder="1">
      <color>402653183</color>
      <borderColor>6710886</borderColor>
      <font family="Segoe+UI" displayName="Segoe+UI" postScript="" weightStyle="Regular" weight="400" isBold="False" isItalic="False"/>
      <textSize>14</textSize>
      <selectedIndex>-1</selectedIndex>
      <shapeBorderType>SbTriangle</shapeBorderType>
      <triangleType>TdNinety</triangleType>
    </control>
    <control controlID="8B011462-6829-4B55-B6BC-23E89D5D9FA1" controlTypeID="TextInput" x="72" y="516" w="940" h="150" zOrder="2">
      <font family="Segoe+UI" displayName="Segoe+UI" postScript="" weightStyle="Regular" weight="400" isBold="False" isItalic="False"/>
      <textSize>54</textSize>
      <lineSpacing>0</lineSpacing>
      <useDefaultTextSize>False</useDefaultTextSize>
      <selectedIndex>-1</selectedIndex>
      <placeHolder>++++++++I'm+going+to+the+store...</placeHolder>
      <radius>20</radius>
    </control>
    <control controlID="464AA086-B31C-44AB-8434-A653F1BF8975" controlTypeID="Label" x="100" y="279" w="519" h="96" zOrder="3">
      <font family="Segoe+UI" displayName="Segoe+UI+Bold" postScript="" weightStyle="Bold" weight="700" isBold="True" isItalic="False"/>
      <text>Create+new+trip</text>
      <textColor>4294967295</textColor>
      <textSize>72</textSize>
      <lineSpacing>0</lineSpacing>
      <textStyles>[fsBold]</textStyles>
      <useDefaultTextSize>False</useDefaultTextSize>
      <selectedIndex>-1</selectedIndex>
    </control>
    <control controlID="FC27B449-9E54-480B-B088-7F9316D15502" controlTypeID="Icon" x="110" y="555" w="77" h="77" zOrder="4">
      <color>4294927872</color>
      <icon>
        <ID/>
        <iconFontName>jdIonicons</iconFontName>
        <iconCode>61951</iconCode>
      </icon>
      <URL>272406045191EFD41262383E38074218.svg</URL>
    </control>
    <control controlID="5E6D02A3-3AC6-4900-9A25-8641538684F3" controlTypeID="TextInput" x="73" y="703" w="510" h="150" zOrder="5">
      <font family="Segoe+UI" displayName="Segoe+UI" postScript="" weightStyle="Regular" weight="400" isBold="False" isItalic="False"/>
      <textSize>54</textSize>
      <lineSpacing>0</lineSpacing>
      <useDefaultTextSize>False</useDefaultTextSize>
      <selectedIndex>-1</selectedIndex>
      <placeHolder>++++++++Deliver+on...</placeHolder>
      <radius>20</radius>
    </control>
    <control controlID="506E246D-714F-4C73-9CF1-5345071D9D07" controlTypeID="Icon" x="116" y="746" w="65" h="65" zOrder="6">
      <color>4294927872</color>
      <icon>
        <ID/>
        <iconFontName>jdIonicons</iconFontName>
        <iconCode>62161</iconCode>
      </icon>
      <URL>524D9A41776CD1EF98956BB68F9875AC.svg</URL>
    </control>
    <control controlID="1DDF1B4E-4952-4E62-B96C-188F0F5257E3" controlTypeID="TextInput" x="605" y="703" w="407" h="150" zOrder="7">
      <font family="Segoe+UI" displayName="Segoe+UI" postScript="" weightStyle="Regular" weight="400" isBold="False" isItalic="False"/>
      <textSize>54</textSize>
      <lineSpacing>0</lineSpacing>
      <useDefaultTextSize>False</useDefaultTextSize>
      <selectedIndex>-1</selectedIndex>
      <placeHolder>++++++++At...</placeHolder>
      <radius>20</radius>
    </control>
    <control controlID="B3553FB0-164E-4378-8AA6-EEF64338A558" controlTypeID="Icon" x="640" y="740" w="77" h="77" zOrder="8">
      <color>4294927872</color>
      <icon>
        <ID/>
        <iconFontName>jdIonicons</iconFontName>
        <iconCode>62387</iconCode>
      </icon>
      <URL>0CCFED0BD1BC3BB4D610117937314139.svg</URL>
    </control>
    <control controlID="2381ADD2-B9F4-4FF6-B636-B7E358C7A8D4" controlTypeID="Shape" x="61" y="1510" w="944" h="169" zOrder="9">
      <color>4294927872</color>
      <borderColor>16724787</borderColor>
      <links eventType="AtClick" animate="AmNone" animateAutoDelay="0" animateDuration="500">
        <link targetPageID="A7A2E4E4-1B05-4220-93D8-E9868E0F23C3" linkType="ltPageLink" isApplyIncludePage="False" title="Manage+trip">
          <area shape="0" alt="" ID="{BD2F4031-22D6-4FFA-8E50-2C567C53B4A7}" coords="(0,0,944,169)"/>
        </link>
      </links>
      <font family="Segoe+UI" displayName="Segoe+UI" postScript="" weightStyle="Regular" weight="400" isBold="False" isItalic="False"/>
      <text>Submit+trip</text>
      <textColor>4294967295</textColor>
      <textSize>54</textSize>
      <useDefaultTextSize>False</useDefaultTextSize>
      <selectedIndex>-1</selectedIndex>
      <radius>20</radius>
    </control>
    <control controlID="860E6BFF-206C-4D46-8D18-3C2B57EED834" controlTypeID="Label" x="78" y="899" w="278" h="72" zOrder="10">
      <font family="Segoe+UI" displayName="Segoe+UI" postScript="" weightStyle="Regular" weight="400" isBold="False" isItalic="False"/>
      <text>I+can+carry...</text>
      <textColor>4284900966</textColor>
      <textSize>54</textSize>
      <lineSpacing>0</lineSpacing>
      <useDefaultTextSize>False</useDefaultTextSize>
      <selectedIndex>-1</selectedIndex>
    </control>
    <control controlID="9C9B3937-452A-4F1E-8A26-A8B13564F1DF" controlTypeID="TextInput" x="722" y="1322" w="290" h="150" zOrder="11">
      <font family="Segoe+UI" displayName="Segoe+UI" postScript="" weightStyle="Regular" weight="400" isBold="False" isItalic="False"/>
      <textSize>54</textSize>
      <lineSpacing>0</lineSpacing>
      <useDefaultTextSize>False</useDefaultTextSize>
      <selectedIndex>-1</selectedIndex>
      <inputModel>emNumber</inputModel>
      <radius>20</radius>
    </control>
    <control controlID="49A10E10-E052-498A-944F-FD7AD204F453" controlTypeID="Label" x="77" y="1361" w="593" h="72" zOrder="12">
      <font family="Segoe+UI" displayName="Segoe+UI" postScript="" weightStyle="Regular" weight="400" isBold="False" isItalic="False"/>
      <text>Max+distance+from+home</text>
      <textColor>4284900966</textColor>
      <textSize>54</textSize>
      <lineSpacing>0</lineSpacing>
      <useDefaultTextSize>False</useDefaultTextSize>
      <selectedIndex>-1</selectedIndex>
    </control>
    <control controlID="048EE783-FF06-4B02-A068-566715DDBB09" controlTypeID="Label" x="926" y="1370" w="54" h="54" zOrder="13">
      <font family="Segoe+UI" displayName="Segoe+UI" postScript="" weightStyle="Regular" weight="400" isBold="False" isItalic="False"/>
      <text>km</text>
      <textColor>4284900966</textColor>
      <textSize>40</textSize>
      <textAlign>HaCenter</textAlign>
      <lineSpacing>0</lineSpacing>
      <useDefaultTextSize>False</useDefaultTextSize>
      <selectedIndex>-1</selectedIndex>
    </control>
    <control controlID="A62A0E63-AE3F-433B-AE7F-E71A9B24D520" controlTypeID="TextInput" x="73" y="999" w="290" h="288" zOrder="14">
      <font family="Segoe+UI" displayName="Segoe+UI" postScript="" weightStyle="Regular" weight="400" isBold="False" isItalic="False"/>
      <textSize>54</textSize>
      <lineSpacing>0</lineSpacing>
      <useDefaultTextSize>False</useDefaultTextSize>
      <selectedIndex>-1</selectedIndex>
      <radius>20</radius>
    </control>
    <control controlID="62BB5C7A-C65F-4007-B044-01BB4FB8F876" controlTypeID="TextInput" x="397" y="1002" w="290" h="288" zOrder="15">
      <borderColor>4294927872</borderColor>
      <font family="Segoe+UI" displayName="Segoe+UI" postScript="" weightStyle="Regular" weight="400" isBold="False" isItalic="False"/>
      <textSize>54</textSize>
      <lineSpacing>0</lineSpacing>
      <useDefaultTextSize>False</useDefaultTextSize>
      <selectedIndex>-1</selectedIndex>
      <radius>20</radius>
    </control>
    <control controlID="6A620937-588B-456D-9907-03EDE02991F4" controlTypeID="TextInput" x="722" y="1002" w="290" h="288" zOrder="16">
      <font family="Segoe+UI" displayName="Segoe+UI" postScript="" weightStyle="Regular" weight="400" isBold="False" isItalic="False"/>
      <textSize>54</textSize>
      <lineSpacing>0</lineSpacing>
      <useDefaultTextSize>False</useDefaultTextSize>
      <selectedIndex>-1</selectedIndex>
      <radius>20</radius>
    </control>
    <control controlID="C6960435-1B07-4E25-93D1-CBD2D4C78541" controlTypeID="Label" x="127" y="1205" w="181" h="54" zOrder="17">
      <font family="Segoe+UI" displayName="Segoe+UI" postScript="" weightStyle="Regular" weight="400" isBold="False" isItalic="False"/>
      <text>up+to+2+kg</text>
      <textColor>4284900966</textColor>
      <textSize>40</textSize>
      <textAlign>HaCenter</textAlign>
      <lineSpacing>0</lineSpacing>
      <useDefaultTextSize>False</useDefaultTextSize>
      <selectedIndex>-1</selectedIndex>
    </control>
    <control controlID="44A8D3D6-482D-4814-9D65-7CDA09847589" controlTypeID="Label" x="466" y="1205" w="152" h="54" zOrder="18">
      <font family="Segoe+UI" displayName="Segoe+UI" postScript="" weightStyle="Regular" weight="400" isBold="False" isItalic="False"/>
      <text>3-10+kgs</text>
      <textColor>4294927872</textColor>
      <textSize>40</textSize>
      <textAlign>HaCenter</textAlign>
      <lineSpacing>0</lineSpacing>
      <useDefaultTextSize>False</useDefaultTextSize>
      <selectedIndex>-1</selectedIndex>
    </control>
    <control controlID="4A2DCC37-29B9-40AB-AEEC-B53531780B5B" controlTypeID="Label" x="796" y="1205" w="142" h="54" zOrder="19">
      <font family="Segoe+UI" displayName="Segoe+UI" postScript="" weightStyle="Regular" weight="400" isBold="False" isItalic="False"/>
      <text>10%2B+kgs</text>
      <textColor>4284900966</textColor>
      <textSize>40</textSize>
      <textAlign>HaCenter</textAlign>
      <lineSpacing>0</lineSpacing>
      <useDefaultTextSize>False</useDefaultTextSize>
      <selectedIndex>-1</selectedIndex>
    </control>
    <control controlID="D2E4F263-BB9C-4613-AC49-A6881D2D2655" controlTypeID="Icon" x="158" y="1055" w="120" h="120" zOrder="20">
      <icon>
        <ID/>
        <iconFontName>jdIcoMoonFree</iconFontName>
        <iconCode>59807</iconCode>
      </icon>
      <URL>C02E786897D893B11E63CC5EF09BBED2.svg</URL>
    </control>
    <control controlID="53F42D53-844B-41B6-B06E-27B1C949FB46" controlTypeID="Icon" x="482" y="1055" w="120" h="120" zOrder="21">
      <color>4294927872</color>
      <icon>
        <ID/>
        <iconFontName>jdIonicons</iconFontName>
        <iconCode>61712</iconCode>
      </icon>
      <URL>BD4E616381CC9655F320253658F38FF1.svg</URL>
    </control>
    <control controlID="E25B6B48-D89E-4A92-A91B-D67591342988" controlTypeID="Icon" x="807" y="1069" w="120" h="120" zOrder="22">
      <icon>
        <ID/>
        <iconFontName>jdIcoMoonFree</iconFontName>
        <iconCode>59824</iconCode>
      </icon>
      <URL>62C23F59E2D195650370F88617D118A0.svg</URL>
    </control>
    <control controlID="473B0E5B-995C-4C75-8695-B084C9FFAEAE" controlTypeID="Image" x="137" y="1045" w="159" h="160" zOrder="23">
      <URL>AA6465416D710AE8B4B024F86C544370.png</URL>
    </control>
    <control controlID="021C8598-45E0-43A5-98F5-79F6BD7F65E3" controlTypeID="Icon" x="10" y="10" w="115" h="115" zOrder="24">
      <color>4294967295</color>
      <links eventType="AtClick" animate="AmNone" animateAutoDelay="0" animateDuration="0">
        <link targetPageID="06EB09E1-6DDB-4B25-B100-02EA424E5117" linkType="ltPageLink" isApplyIncludePage="False" title="Manage+Trips">
          <area shape="0" alt="" ID="{F6922A9B-A196-41E4-9082-865E9EC7279D}" coords="(0,0,115,115)"/>
        </link>
      </links>
      <icon>
        <ID/>
        <iconFontName>jdIonicons</iconFontName>
        <iconCode>62415</iconCode>
      </icon>
      <URL>D6859759E093AABA6D618DD6AA733504.svg</URL>
    </control>
    <control controlID="4EE2D9F2-4F8C-406A-A49D-BEAA00BAE39D" controlTypeID="__group__" x="61" y="1801" w="963" h="130" zOrder="25">
      <groupChildrenDescriptors>
        <control controlID="31186F13-6A42-4CA0-AE40-47413E5794AF" controlTypeID="IconLabel2" x="152" y="28" w="64" h="102" zOrder="0">
          <caption>Alerts</caption>
          <links eventType="AtClick" animate="AmSlideRight" animateAutoDelay="0" animateDuration="20">
            <link targetPageID="E95BE094-0076-4FA4-BA67-DC09521BB7DD" linkType="ltPageLink" isApplyIncludePage="False" title="Map">
              <area shape="0" alt="" ID="{DAFFDD88-334D-4710-ACC2-C42E9932D6BF}" coords="(0,0,64,102)"/>
            </link>
          </links>
          <groupChildrenDescriptors>
            <control controlID="6B5C2B3C-2062-4B18-BBE3-026DD652B29E" controlTypeID="Shape" x="2" y="0" w="60" h="60" zOrder="0">
              <canMove>False</canMove>
              <alias>shape</alias>
              <font family="Segoe+UI" displayName="Segoe+UI" postScript="" weightStyle="Regular" weight="400" isBold="False" isItalic="False"/>
              <textSize>14</textSize>
              <selectedIndex>-1</selectedIndex>
            </control>
            <control controlID="48D4A0D1-9AF0-430C-A0A4-7FD466889676" controlTypeID="Icon" x="2" y="0" w="60" h="60" zOrder="1">
              <canMove>False</canMove>
              <alias>icon</alias>
              <icon>
                <ID/>
                <iconFontName>jdIonicons</iconFontName>
                <iconCode>62348</iconCode>
              </icon>
              <URL>C9A19AEA8333861081ABFD164D361FEF.svg</URL>
            </control>
            <control controlID="5B4A9095-5A96-4F5A-980F-48030E3FEF09" controlTypeID="Label" x="4" y="64" w="56" h="38" zOrder="2">
              <canMove>False</canMove>
              <alias>label</alias>
              <font family="Segoe+UI" displayName="Segoe+UI" postScript="" weightStyle="Regular" weight="400" isBold="False" isItalic="False"/>
              <text>Map</text>
              <textColor>4284900966</textColor>
              <textSize>28</textSize>
              <textAlign>HaCenter</textAlign>
              <lineSpacing>0</lineSpacing>
              <useDefaultTextSize>False</useDefaultTextSize>
              <selectedIndex>-1</selectedIndex>
            </control>
            <control controlID="D370CE81-2337-4B9B-8A6A-03D4C667CD07" controlTypeID="Shape" x="43" y="0" w="21" h="20" zOrder="3">
              <color>4294901760</color>
              <borderVisible>False</borderVisible>
              <canMove>False</canMove>
              <alias>alarm</alias>
              <font family="Segoe+UI" displayName="Segoe+UI" postScript="" weightStyle="Regular" weight="400" isBold="False" isItalic="False"/>
              <text>2</text>
              <textColor>4294967295</textColor>
              <textSize>13</textSize>
              <selectedIndex>-1</selectedIndex>
              <radius>100</radius>
              <radiusIsPercent>True</radiusIsPercent>
            </control>
          </groupChildrenDescriptors>
          <iconSize>60</iconSize>
        </control>
        <control controlID="74CA4AE3-3A14-4CC2-8366-C471E827A7D2" controlTypeID="IconLabel2" x="763" y="27" w="64" h="102" zOrder="1">
          <caption>Help</caption>
          <groupChildrenDescriptors>
            <control controlID="7B3EA7D3-BF2C-4225-A292-010799498598" controlTypeID="Shape" x="2" y="0" w="60" h="60" zOrder="0">
              <canMove>False</canMove>
              <alias>shape</alias>
              <font family="Segoe+UI" displayName="Segoe+UI" postScript="" weightStyle="Regular" weight="400" isBold="False" isItalic="False"/>
              <textSize>14</textSize>
              <selectedIndex>-1</selectedIndex>
            </control>
            <control controlID="9A4F12B0-E7C8-4C33-9B4B-A4B273BB8D42" controlTypeID="Icon" x="2" y="0" w="60" h="60" zOrder="1">
              <canMove>False</canMove>
              <alias>icon</alias>
              <icon>
                <ID/>
                <iconFontName>jdIonicons</iconFontName>
                <iconCode>62076</iconCode>
              </icon>
              <URL>7BEE2611F373C98BB8D2195169695997.svg</URL>
            </control>
            <control controlID="D82412CD-2AEF-4B34-A961-78B34C1D8AF1" controlTypeID="Label" x="3" y="64" w="58" h="38" zOrder="2">
              <canMove>False</canMove>
              <alias>label</alias>
              <font family="Segoe+UI" displayName="Segoe+UI" postScript="" weightStyle="Regular" weight="400" isBold="False" isItalic="False"/>
              <text>Help</text>
              <textColor>4284900966</textColor>
              <textSize>28</textSize>
              <textAlign>HaCenter</textAlign>
              <lineSpacing>0</lineSpacing>
              <useDefaultTextSize>False</useDefaultTextSize>
              <selectedIndex>-1</selectedIndex>
            </control>
            <control controlID="E165395F-AFC3-4B80-889B-0B515A3F5AC7" controlTypeID="Shape" x="43" y="0" w="21" h="20" zOrder="3">
              <color>4294901760</color>
              <borderVisible>False</borderVisible>
              <canMove>False</canMove>
              <alias>alarm</alias>
              <font family="Segoe+UI" displayName="Segoe+UI" postScript="" weightStyle="Regular" weight="400" isBold="False" isItalic="False"/>
              <text>2</text>
              <textColor>4294967295</textColor>
              <textSize>13</textSize>
              <selectedIndex>-1</selectedIndex>
              <radius>100</radius>
              <radiusIsPercent>True</radiusIsPercent>
            </control>
          </groupChildrenDescriptors>
          <iconSize>60</iconSize>
        </control>
        <control controlID="693E7502-05A5-4B00-BCA1-6BE6FBC361EE" controlTypeID="IconLabel2" x="551" y="27" w="103" h="102" zOrder="2">
          <caption>Settings</caption>
          <groupChildrenDescriptors>
            <control controlID="76A500FE-A2C4-44E7-9533-B58549AA3B9F" controlTypeID="Shape" x="22" y="0" w="60" h="60" zOrder="0">
              <canMove>False</canMove>
              <alias>shape</alias>
              <font family="Segoe+UI" displayName="Segoe+UI" postScript="" weightStyle="Regular" weight="400" isBold="False" isItalic="False"/>
              <textSize>14</textSize>
              <selectedIndex>-1</selectedIndex>
            </control>
            <control controlID="984DA354-A14E-43F3-84AD-46A08DF5E51D" controlTypeID="Icon" x="22" y="0" w="60" h="60" zOrder="1">
              <canMove>False</canMove>
              <alias>icon</alias>
              <icon>
                <ID/>
                <iconFontName>jdIonicons</iconFontName>
                <iconCode>61757</iconCode>
              </icon>
              <URL>3D17E78EA0EC372F7F51691AF5BF8D2B.svg</URL>
            </control>
            <control controlID="325A7398-E1A6-4A70-A31A-C75E83E6337D" controlTypeID="Label" x="2" y="64" w="99" h="38" zOrder="2">
              <canMove>False</canMove>
              <alias>label</alias>
              <font family="Segoe+UI" displayName="Segoe+UI" postScript="" weightStyle="Regular" weight="400" isBold="False" isItalic="False"/>
              <text>Settings</text>
              <textColor>4284900966</textColor>
              <textSize>28</textSize>
              <textAlign>HaCenter</textAlign>
              <lineSpacing>0</lineSpacing>
              <useDefaultTextSize>False</useDefaultTextSize>
              <selectedIndex>-1</selectedIndex>
            </control>
            <control controlID="C80083E3-611A-4778-BB0D-37B4545C1323" controlTypeID="Shape" x="82" y="0" w="21" h="20" zOrder="3">
              <color>4294901760</color>
              <borderVisible>False</borderVisible>
              <canMove>False</canMove>
              <alias>alarm</alias>
              <font family="Segoe+UI" displayName="Segoe+UI" postScript="" weightStyle="Regular" weight="400" isBold="False" isItalic="False"/>
              <text>2</text>
              <textColor>4294967295</textColor>
              <textSize>13</textSize>
              <selectedIndex>-1</selectedIndex>
              <radius>100</radius>
              <radiusIsPercent>True</radiusIsPercent>
            </control>
          </groupChildrenDescriptors>
          <iconSize>60</iconSize>
        </control>
        <control controlID="46A3B102-B868-4080-8C79-B77A4FFF870C" controlTypeID="IconLabel2" x="356" y="28" w="64" h="102" zOrder="3">
          <caption>User</caption>
          <groupChildrenDescriptors>
            <control controlID="7C81FAB3-4172-4CDA-8FCD-598EEA1BBC3E" controlTypeID="Shape" x="2" y="0" w="60" h="60" zOrder="0">
              <canMove>False</canMove>
              <alias>shape</alias>
              <font family="Segoe+UI" displayName="Segoe+UI" postScript="" weightStyle="Regular" weight="400" isBold="False" isItalic="False"/>
              <textSize>14</textSize>
              <selectedIndex>-1</selectedIndex>
            </control>
            <control controlID="A211B082-9661-4ABD-AE2B-F88086CFE11C" controlTypeID="Icon" x="2" y="0" w="60" h="60" zOrder="1">
              <color>4294940979</color>
              <canMove>False</canMove>
              <alias>icon</alias>
              <icon>
                <ID/>
                <iconFontName>jdIonicons</iconFontName>
                <iconCode>62368</iconCode>
              </icon>
              <URL>B91434690C5B5224D1CC6B1998F1178A.svg</URL>
            </control>
            <control controlID="E1DF58C1-3741-4A32-A4C1-D32A4AB66EBB" controlTypeID="Label" x="4" y="64" w="55" h="38" zOrder="2">
              <canMove>False</canMove>
              <alias>label</alias>
              <font family="Segoe+UI" displayName="Segoe+UI" postScript="" weightStyle="Regular" weight="400" isBold="False" isItalic="False"/>
              <text>User</text>
              <textColor>4294941030</textColor>
              <textSize>28</textSize>
              <textAlign>HaCenter</textAlign>
              <lineSpacing>0</lineSpacing>
              <useDefaultTextSize>False</useDefaultTextSize>
              <selectedIndex>-1</selectedIndex>
            </control>
            <control controlID="D6D04C1E-311F-4526-B3C8-34B988CEB250" controlTypeID="Shape" x="43" y="0" w="21" h="20" zOrder="3">
              <color>4294901760</color>
              <borderVisible>False</borderVisible>
              <canMove>False</canMove>
              <alias>alarm</alias>
              <font family="Segoe+UI" displayName="Segoe+UI" postScript="" weightStyle="Regular" weight="400" isBold="False" isItalic="False"/>
              <text>2</text>
              <textColor>4294967295</textColor>
              <textSize>13</textSize>
              <selectedIndex>-1</selectedIndex>
              <radius>100</radius>
              <radiusIsPercent>True</radiusIsPercent>
            </control>
          </groupChildrenDescriptors>
          <iconSize>60</iconSize>
        </control>
        <control controlID="08979F06-F81F-465F-9DC7-6F1CD86C6EDB" controlTypeID="Line" x="0" y="0" w="963" h="1" zOrder="4">
          <font family="Segoe+UI" displayName="Segoe+UI" postScript="" weightStyle="Regular" weight="400" isBold="False" isItalic="False"/>
          <textSize>14</textSize>
          <lineSpacing>0</lineSpacing>
          <selectedIndex>-1</selectedIndex>
          <controlPoint>(482,0)</controlPoint>
          <startPoint>(0,0)</startPoint>
          <endPoint>(963,0)</endPoint>
        </control>
      </groupChildrenDescriptors>
    </control>
  </controls>
  <param>
    <backgroundColor>4294967295</backgroundColor>
    <fontSize>0</fontSize>
    <fontFamily/>
    <guideLines/>
  </param>
</mockup>