﻿<mockup version="5.3" minAllowVersion="5.3" ID="FB17BA92-9479-4FFB-84C8-F2C23DA117CD" platform="MtMobile" defaultW="1080" defaultH="1960" measureW="1080" measureH="1960" screenOrientation="MoPortrait" mobileScreenScale="1.77777779102325" clipArea="(0,0,0,0)">
  <controls controlCount="17">
    <control controlID="5E0407CB-8306-4BC6-B29D-48960174BB9E" controlTypeID="Shape" x="2" y="0" w="1080" h="438" zOrder="0">
      <color>4294927872</color>
      <borderColor>6710886</borderColor>
      <font family="Segoe+UI" displayName="Segoe+UI" postScript="" weightStyle="Normal" weight="400" isBold="False" isItalic="False"/>
      <textColor>4294927872</textColor>
      <textSize>14</textSize>
      <selectedIndex>-1</selectedIndex>
    </control>
    <control controlID="412337C7-FB6A-4A50-BA31-59319114F123" controlTypeID="Shape" x="0" y="0" w="1080" h="862" zOrder="1">
      <color>402653183</color>
      <borderColor>6710886</borderColor>
      <font family="Segoe+UI" displayName="Segoe+UI" postScript="" weightStyle="Normal" weight="400" isBold="False" isItalic="False"/>
      <textSize>14</textSize>
      <selectedIndex>-1</selectedIndex>
      <shapeBorderType>SbTriangle</shapeBorderType>
      <triangleType>TdNinety</triangleType>
    </control>
    <control controlID="2813CF1C-8358-4480-AB7A-7A3A428DD704" controlTypeID="Label" x="102" y="279" w="446" h="96" zOrder="2">
      <font family="Segoe+UI" displayName="Segoe+UI_%26_Bold" postScript="" weightStyle="Bold" weight="700" isBold="True" isItalic="False"/>
      <text>Trip+Ongoing</text>
      <textColor>4294967295</textColor>
      <textSize>72</textSize>
      <lineSpacing>0</lineSpacing>
      <textStyles>[fsBold]</textStyles>
      <useDefaultTextSize>False</useDefaultTextSize>
      <selectedIndex>-1</selectedIndex>
    </control>
    <control controlID="B5DE9587-9792-46CC-9123-D1158873C941" controlTypeID="__group__" x="96" y="501" w="899" h="295" zOrder="3">
      <groupChildrenDescriptors>
        <control controlID="78144BB6-22B7-4FE5-9A6E-DD9C6DC924CE" controlTypeID="Map" x="0" y="115" w="278" h="180" zOrder="0"/>
        <control controlID="13F81A0A-76BC-448F-A018-694BFEF438F6" controlTypeID="Icon" x="9" y="182" w="83" h="83" zOrder="1">
          <color>4294927872</color>
          <icon>
            <ID/>
            <iconFontName>jdIonicons</iconFontName>
            <iconCode>61951</iconCode>
          </icon>
          <URL>272406045191EFD41262383E38074218.svg</URL>
        </control>
        <control controlID="88AF4C88-846D-4DFF-A05B-0CF1439709F3" controlTypeID="Label" x="0" y="0" w="361" h="64" zOrder="2">
          <font family="Segoe+UI" displayName="Segoe+UI" postScript="" weightStyle="Normal" weight="400" isBold="False" isItalic="False"/>
          <text>Jose+is+going+to...</text>
          <textColor>4284900966</textColor>
          <textSize>48</textSize>
          <lineSpacing>0</lineSpacing>
          <useDefaultTextSize>False</useDefaultTextSize>
          <selectedIndex>-1</selectedIndex>
        </control>
        <control controlID="9611BA50-9A2D-4562-9AFF-7CD992BDE77E" controlTypeID="Label" x="313" y="105" w="304" h="52" zOrder="3">
          <font family="Segoe+UI" displayName="Segoe+UI" postScript="" weightStyle="Normal" weight="400" isBold="False" isItalic="False"/>
          <text>Celine's+Groceries</text>
          <textColor>4284900966</textColor>
          <textSize>39</textSize>
          <lineSpacing>0</lineSpacing>
          <useDefaultTextSize>False</useDefaultTextSize>
          <selectedIndex>-1</selectedIndex>
        </control>
        <control controlID="1DABB621-1E48-4130-BC65-7D9BE1156509" controlTypeID="Label" x="312" y="162" w="587" h="52" zOrder="4">
          <font family="Segoe+UI" displayName="Segoe+UI" postScript="" weightStyle="Normal" weight="400" isBold="False" isItalic="False"/>
          <text>Rue+de+Gen%C3%A8ve+18%2C+1003+Lausanne</text>
          <textColor>4284900966</textColor>
          <textSize>39</textSize>
          <lineSpacing>0</lineSpacing>
          <useDefaultTextSize>False</useDefaultTextSize>
          <selectedIndex>-1</selectedIndex>
        </control>
        <control controlID="E6139EEA-04B7-4611-8A45-580EFD820AC4" controlTypeID="Label" x="312" y="219" w="453" h="52" zOrder="5">
          <font family="Segoe+UI" displayName="Segoe+UI" postScript="" weightStyle="Normal" weight="400" isBold="False" isItalic="False"/>
          <text>Open+today+7.30am+-+7pm</text>
          <textColor>4284900966</textColor>
          <textSize>39</textSize>
          <lineSpacing>0</lineSpacing>
          <useDefaultTextSize>False</useDefaultTextSize>
          <selectedIndex>-1</selectedIndex>
        </control>
      </groupChildrenDescriptors>
    </control>
    <control controlID="2440A62D-9A7E-4F29-8275-C30E021EE6B3" controlTypeID="Icon" x="13" y="10" w="115" h="115" zOrder="4">
      <color>4294967295</color>
      <links eventType="AtClick" animate="AmNone" animateAutoDelay="0" animateDuration="0">
        <link targetPageID="06EB09E1-6DDB-4B25-B100-02EA424E5117" linkType="ltPageLink" isApplyIncludePage="False" title="Manage+Trips">
          <area shape="0" alt="" ID="{F6922A9B-A196-41E4-9082-865E9EC7279D}" coords="(0,0,115,115)"/>
        </link>
      </links>
      <icon>
        <ID/>
        <iconFontName>jdIonicons</iconFontName>
        <iconCode>62415</iconCode>
      </icon>
      <URL>D6859759E093AABA6D618DD6AA733504.svg</URL>
    </control>
    <control controlID="443E9022-3BCA-4655-96CC-4E94E5C3B1A5" controlTypeID="IconLabel2" x="96" y="839" w="652" h="80" zOrder="5">
      <groupChildrenDescriptors>
        <control controlID="62004E7C-0BCE-48C2-A234-7718BB64D0A0" controlTypeID="Shape" x="0" y="0" w="80" h="80" zOrder="0">
          <canMove>False</canMove>
          <alias>shape</alias>
          <font family="Segoe+UI" displayName="Segoe+UI" postScript="" weightStyle="Normal" weight="400" isBold="False" isItalic="False"/>
          <textSize>14</textSize>
          <selectedIndex>-1</selectedIndex>
        </control>
        <control controlID="4721307C-750C-4558-9F52-A2B79335E599" controlTypeID="Icon" x="0" y="0" w="80" h="80" zOrder="1">
          <canMove>False</canMove>
          <alias>icon</alias>
          <icon>
            <ID/>
            <iconFontName>jdFontAwesome</iconFontName>
            <iconCode>62034</iconCode>
          </icon>
          <URL>E3638B2E60A362767A00FB7F5D2B9DFE.svg</URL>
        </control>
        <control controlID="C9A0217B-3BB0-459B-8B98-F9BC8C30D226" controlTypeID="Label" x="84" y="8" w="568" h="64" zOrder="2">
          <canMove>False</canMove>
          <alias>label</alias>
          <font family="Segoe+UI" displayName="Segoe+UI" postScript="" weightStyle="Normal" weight="400" isBold="False" isItalic="False"/>
          <text>+++Estimated+arrival+in+01%3A23</text>
          <textColor>4284900966</textColor>
          <textSize>48</textSize>
          <textAlign>HaCenter</textAlign>
          <lineSpacing>0</lineSpacing>
          <useDefaultTextSize>False</useDefaultTextSize>
          <selectedIndex>-1</selectedIndex>
        </control>
        <control controlID="71D0C81D-A159-4A6D-85D1-8463FC23CBF7" controlTypeID="Shape" x="624" y="0" w="28" h="27" zOrder="3">
          <color>4294901760</color>
          <borderVisible>False</borderVisible>
          <canMove>False</canMove>
          <alias>alarm</alias>
          <font family="Segoe+UI" displayName="Segoe+UI" postScript="" weightStyle="Normal" weight="400" isBold="False" isItalic="False"/>
          <text>2</text>
          <textColor>4294967295</textColor>
          <textSize>18</textSize>
          <selectedIndex>-1</selectedIndex>
          <radius>100</radius>
          <radiusIsPercent>True</radiusIsPercent>
        </control>
      </groupChildrenDescriptors>
      <textDirection>MiTextRight</textDirection>
      <iconSize>80</iconSize>
    </control>
    <control controlID="8A35A9C0-4536-42DB-94D7-463746CD7933" controlTypeID="Shape" x="68" y="1710" w="944" h="169" zOrder="6">
      <color>4294927872</color>
      <borderColor>16724787</borderColor>
      <links eventType="AtClick" animate="AmNone" animateAutoDelay="0" animateDuration="0">
        <link targetPageID="13C547DD-BB93-47F3-8E85-B9ABA334C57B" linkType="ltPageLink" isApplyIncludePage="False" title="Request+Details">
          <area shape="0" alt="" ID="{BD2F4031-22D6-4FFA-8E50-2C567C53B4A7}" coords="(0,0,944,169)"/>
        </link>
      </links>
      <font family="Segoe+UI" displayName="Segoe+UI" postScript="" weightStyle="Normal" weight="400" isBold="False" isItalic="False"/>
      <text>Validate+arrival</text>
      <textColor>4294967295</textColor>
      <textSize>54</textSize>
      <useDefaultTextSize>False</useDefaultTextSize>
      <selectedIndex>-1</selectedIndex>
      <radius>20</radius>
    </control>
  </controls>
  <param>
    <backgroundColor>4294967295</backgroundColor>
    <fontSize>0</fontSize>
    <fontFamily/>
    <guideLines/>
  </param>
</mockup>