﻿<project version="2.9" name="Project" ID="EB737F79-0379-4AA0-8C4C-430F14C16D31">
  <params>
    <pageParam version="5.3" minAllowVersion="5.3"/>
    <projectParam version="2.9" minAllowVersion="2.9" platform="MtMobile" orientation="MoPortrait" mobileScreenScale="1.77777779102325" mobileType="mmtAndroid" pageSize="(1080,1960)" backgroundColor="4294967295" fontSize="0" fontFamily="" projectType="ptTeamProject" isShowTitleIndex="False"/>
    <previewParam version="1.0"/>
    <colorParam version="1.0"/>
  </params>
  <pages>
    <page name="User" ID="9B576B01-82EC-4409-8BF0-080539963CB3" expanded="True" code="" thumbCode="" status="psGreen" isLastOpen="" createdate="2020-04-04 22:58:04" author="356554" modifieddate="2020-04-04 22:58:10" isdeleted="False" isfolder="True" ismodified="False" syncversion="8" lasteditor="356554" isshownode="True">
      <images/>
      <page name="User Home" ID="BFFD142F-C3A3-4835-82AB-DA24E2196FDF" expanded="True" code="5s9WIH6z5L" thumbCode="5s9WIH6z5L" status="psWhite" isLastOpen="" createdate="2020-04-04 18:10:21" author="356554" modifieddate="2020-04-05 16:59:56" isdeleted="False" isfolder="False" ismodified="False" syncversion="38" lasteditor="356554" isshownode="True">
        <images>
          <image key="C487087161B7AFAC4353A4C6F54A65A1.svg"/>
          <image key="7BEE2611F373C98BB8D2195169695997.svg"/>
          <image key="C9A19AEA8333861081ABFD164D361FEF.svg"/>
          <image key="1E8CC34B37F92CE832EF7070CE8F702D.svg"/>
          <image key="524D9A41776CD1EF98956BB68F9875AC.svg"/>
          <image key="E6476C5B05119F5F60623A7C58E43966.svg"/>
          <image key="BA2EAB857711598DA1CFBDC2B8848DF5.svg"/>
          <image key="6E6D6863698839BD8858A6C5F26217E8.svg"/>
          <image key="3D17E78EA0EC372F7F51691AF5BF8D2B.svg"/>
          <image key="B91434690C5B5224D1CC6B1998F1178A.svg"/>
          <image key="02408E34A3EFDE5AD33D4DC61C896B5A.svg"/>
          <image key="06F4B6B25823822FF82366138953A6B2.svg"/>
          <image key="42CF9E031360EBC09387427849BF6328.svg"/>
          <image key="2DC4046875679DEA4111B47AE9385427.svg"/>
          <image key="DE7A3840C7CBA1B69449E3DDB42FE32A.svg"/>
          <image key="AB60F13D70585F17F97A55ECCBE4C40E.png"/>
          <image key="69A4D1E5CE13432C6A4F579026917C6A.svg"/>
          <image key="AA45E12719F4631654810A4DD86B0A76.svg"/>
          <image key="0F682EC005E6FFEB267452BCBE14BA12.svg"/>
          <image key="0CCFED0BD1BC3BB4D610117937314139.svg"/>
          <image key="8C9055E8D03B9C1D942C2CAFB8A8A160.svg"/>
          <image key="BEC05033BFE991440DD86CE9E431A6E7.svg"/>
          <image key="7368E932054EB35095B123FCB5C28A31.svg"/>
          <image key="95808BE677799CD413353FF189D8AB9B.svg"/>
          <image key="B92FB3DE93AB4225CE4D7406B35390E5.svg"/>
        </images>
      </page>
    </page>
    <page name="Map" ID="31892E99-6D9E-4B2E-A86B-984035826CCD" expanded="True" code="" thumbCode="" status="psGreen" isLastOpen="" createdate="2020-04-04 22:58:32" author="356554" modifieddate="2020-04-04 22:58:41" isdeleted="False" isfolder="True" ismodified="False" syncversion="8" lasteditor="356554" isshownode="True">
      <images/>
      <page name="Map" ID="E95BE094-0076-4FA4-BA67-DC09521BB7DD" expanded="True" code="B4Y5ynloKL" thumbCode="B4Y5ynloKL" status="psWhite" isLastOpen="" createdate="2020-04-04 18:35:26" author="356554" modifieddate="2020-04-05 20:40:52" isdeleted="False" isfolder="False" ismodified="False" syncversion="48" lasteditor="356554" isshownode="True">
        <images>
          <image key="3D17E78EA0EC372F7F51691AF5BF8D2B.svg"/>
          <image key="7BEE2611F373C98BB8D2195169695997.svg"/>
          <image key="474A61FDC203C97B2EEFAF494C017CCB.svg"/>
          <image key="C9A19AEA8333861081ABFD164D361FEF.svg"/>
          <image key="B91434690C5B5224D1CC6B1998F1178A.svg"/>
          <image key="E83184942D579B487560D92C7DE7835B.png"/>
          <image key="8D2F29C1B03072DCD75C62B851C82FDC.png"/>
          <image key="BE252FF6E3B97A39E9E73480BE5F8330.png"/>
          <image key="2119E1032635B58A9627C98AB304CEE8.svg"/>
        </images>
      </page>
    </page>
    <page name="Trips" ID="E1C397EF-825F-45D4-A527-88C24BC22E25" expanded="True" code="" thumbCode="" status="psGreen" isLastOpen="" createdate="2020-04-05 00:56:51" author="356641" modifieddate="2020-04-05 16:23:51" isdeleted="False" isfolder="True" ismodified="False" syncversion="35" lasteditor="356554" isshownode="True">
      <images/>
      <page name="Create Trip" ID="DA3BA74B-A767-45BF-A019-FEB46829E01B" expanded="True" code="Ob6LZpxEah" thumbCode="Ob6LZpxEah" status="psWhite" isLastOpen="" createdate="2020-04-04 19:56:21" author="356641" modifieddate="2020-04-05 17:10:32" isdeleted="False" isfolder="False" ismodified="False" syncversion="41" lasteditor="356641" isshownode="True">
        <images>
          <image key="3D17E78EA0EC372F7F51691AF5BF8D2B.svg"/>
          <image key="7BEE2611F373C98BB8D2195169695997.svg"/>
          <image key="62C23F59E2D195650370F88617D118A0.svg"/>
          <image key="C9A19AEA8333861081ABFD164D361FEF.svg"/>
          <image key="BD4E616381CC9655F320253658F38FF1.svg"/>
          <image key="B91434690C5B5224D1CC6B1998F1178A.svg"/>
          <image key="C02E786897D893B11E63CC5EF09BBED2.svg"/>
          <image key="272406045191EFD41262383E38074218.svg"/>
          <image key="524D9A41776CD1EF98956BB68F9875AC.svg"/>
          <image key="0CCFED0BD1BC3BB4D610117937314139.svg"/>
          <image key="AA6465416D710AE8B4B024F86C544370.png"/>
          <image key="D6859759E093AABA6D618DD6AA733504.svg"/>
        </images>
      </page>
      <page name="Edit Trip" ID="0543C820-29D9-42ED-B016-9922833E96AE" expanded="True" code="CMxh45MvEu" thumbCode="CMxh45MvEu" status="psWhite" isLastOpen="" createdate="2020-04-05 12:10:29" author="356554" modifieddate="2020-04-05 17:12:13" isdeleted="False" isfolder="False" ismodified="False" syncversion="43" lasteditor="356641" isshownode="True">
        <images>
          <image key="3D17E78EA0EC372F7F51691AF5BF8D2B.svg"/>
          <image key="7BEE2611F373C98BB8D2195169695997.svg"/>
          <image key="62C23F59E2D195650370F88617D118A0.svg"/>
          <image key="C9A19AEA8333861081ABFD164D361FEF.svg"/>
          <image key="BD4E616381CC9655F320253658F38FF1.svg"/>
          <image key="B91434690C5B5224D1CC6B1998F1178A.svg"/>
          <image key="C02E786897D893B11E63CC5EF09BBED2.svg"/>
          <image key="272406045191EFD41262383E38074218.svg"/>
          <image key="524D9A41776CD1EF98956BB68F9875AC.svg"/>
          <image key="0CCFED0BD1BC3BB4D610117937314139.svg"/>
          <image key="AA6465416D710AE8B4B024F86C544370.png"/>
          <image key="D6859759E093AABA6D618DD6AA733504.svg"/>
        </images>
      </page>
      <page name="Trip Details" ID="A7A2E4E4-1B05-4220-93D8-E9868E0F23C3" expanded="False" code="C783vVg6Ed" thumbCode="C783vVg6Ed" status="psWhite" isLastOpen="" createdate="2020-04-05 02:07:56" author="356641" modifieddate="2020-04-05 17:13:13" isdeleted="False" isfolder="False" ismodified="False" syncversion="44" lasteditor="356641" isshownode="True">
        <images>
          <image key="7BEE2611F373C98BB8D2195169695997.svg"/>
          <image key="C9A19AEA8333861081ABFD164D361FEF.svg"/>
          <image key="8BE3C7AC8FBB1747163ECAB9AB46AD44.svg"/>
          <image key="7241B4F9C5A932A284647E182C3E01FF.svg"/>
          <image key="69A4D1E5CE13432C6A4F579026917C6A.svg"/>
          <image key="524D9A41776CD1EF98956BB68F9875AC.svg"/>
          <image key="0CCFED0BD1BC3BB4D610117937314139.svg"/>
          <image key="E6476C5B05119F5F60623A7C58E43966.svg"/>
          <image key="3D17E78EA0EC372F7F51691AF5BF8D2B.svg"/>
          <image key="B91434690C5B5224D1CC6B1998F1178A.svg"/>
          <image key="C9606865F1B98473634269C3BD154981.svg"/>
          <image key="BD4E616381CC9655F320253658F38FF1.svg"/>
          <image key="272406045191EFD41262383E38074218.svg"/>
          <image key="467605F5F90D9FF65132C1A6EF883F26.svg"/>
          <image key="2DC4046875679DEA4111B47AE9385427.svg"/>
          <image key="95808BE677799CD413353FF189D8AB9B.svg"/>
          <image key="D6859759E093AABA6D618DD6AA733504.svg"/>
        </images>
      </page>
      <page name="Manage Trips" ID="06EB09E1-6DDB-4B25-B100-02EA424E5117" expanded="True" code="tC5IzgdmGH" thumbCode="tC5IzgdmGH" status="psWhite" isLastOpen="True" createdate="2020-04-05 12:19:27" author="356554" modifieddate="2020-04-05 17:07:11" isdeleted="False" isfolder="False" ismodified="False" syncversion="40" lasteditor="356554" isshownode="True">
        <images>
          <image key="BD6F87D88AC1B5439CE18D8644BC99BF.svg"/>
          <image key="6BB40B1A16B3740DA6C75F1036D11D98.svg"/>
          <image key="69A4D1E5CE13432C6A4F579026917C6A.svg"/>
          <image key="524D9A41776CD1EF98956BB68F9875AC.svg"/>
          <image key="2DC4046875679DEA4111B47AE9385427.svg"/>
          <image key="0CCFED0BD1BC3BB4D610117937314139.svg"/>
          <image key="95808BE677799CD413353FF189D8AB9B.svg"/>
          <image key="E6476C5B05119F5F60623A7C58E43966.svg"/>
          <image key="D6859759E093AABA6D618DD6AA733504.svg"/>
        </images>
      </page>
      <page name="View Trip" ID="25318F7C-8F4D-4F85-8BE9-969A1AC48911" expanded="True" code="f1EtD9MuB2" thumbCode="f1EtD9MuB2" status="psWhite" isLastOpen="" createdate="2020-04-05 16:20:10" author="356554" modifieddate="2020-04-05 17:02:52" isdeleted="False" isfolder="False" ismodified="False" syncversion="39" lasteditor="356554" isshownode="True">
        <images>
          <image key="BD4E616381CC9655F320253658F38FF1.svg"/>
          <image key="7241B4F9C5A932A284647E182C3E01FF.svg"/>
          <image key="69A4D1E5CE13432C6A4F579026917C6A.svg"/>
          <image key="272406045191EFD41262383E38074218.svg"/>
          <image key="524D9A41776CD1EF98956BB68F9875AC.svg"/>
          <image key="0CCFED0BD1BC3BB4D610117937314139.svg"/>
          <image key="D6859759E093AABA6D618DD6AA733504.svg"/>
        </images>
      </page>
      <page name="View Your Request" ID="1A264450-0B15-4977-BFEC-84C6958E5CFA" expanded="False" code="1hE5IF1EOc" thumbCode="1hE5IF1EOc" status="psWhite" isLastOpen="" createdate="2020-04-05 16:23:51" author="356554" modifieddate="2020-04-05 17:03:00" isdeleted="False" isfolder="False" ismodified="False" syncversion="39" lasteditor="356554" isshownode="True">
        <images>
          <image key="02408E34A3EFDE5AD33D4DC61C896B5A.svg"/>
          <image key="BD4E616381CC9655F320253658F38FF1.svg"/>
          <image key="7241B4F9C5A932A284647E182C3E01FF.svg"/>
          <image key="69A4D1E5CE13432C6A4F579026917C6A.svg"/>
          <image key="272406045191EFD41262383E38074218.svg"/>
          <image key="524D9A41776CD1EF98956BB68F9875AC.svg"/>
          <image key="0CCFED0BD1BC3BB4D610117937314139.svg"/>
          <image key="D6859759E093AABA6D618DD6AA733504.svg"/>
          <image key="E6476C5B05119F5F60623A7C58E43966.svg"/>
        </images>
      </page>
    </page>
    <page name="Requests" ID="73CD701F-8308-4A18-A389-DD1D37EDE965" expanded="True" code="" thumbCode="" status="psGreen" isLastOpen="" createdate="2020-04-05 12:49:49" author="356554" modifieddate="2020-04-05 13:25:51" isdeleted="False" isfolder="True" ismodified="False" syncversion="32" lasteditor="356554" isshownode="True">
      <images/>
      <page name="Create Request" ID="AF61CCB7-77B6-4786-BD8B-130A9741C428" expanded="True" code="YdwOyjazwf" thumbCode="gyYTuOgUYC" status="psWhite" isLastOpen="" createdate="2020-04-05 12:50:16" author="356554" modifieddate="2020-04-05 20:15:48" isdeleted="False" isfolder="False" ismodified="False" syncversion="47" lasteditor="356554" isshownode="True">
        <images>
          <image key="02408E34A3EFDE5AD33D4DC61C896B5A.svg"/>
          <image key="BD4E616381CC9655F320253658F38FF1.svg"/>
          <image key="7241B4F9C5A932A284647E182C3E01FF.svg"/>
          <image key="D6859759E093AABA6D618DD6AA733504.svg"/>
          <image key="272406045191EFD41262383E38074218.svg"/>
          <image key="0CCFED0BD1BC3BB4D610117937314139.svg"/>
          <image key="E6476C5B05119F5F60623A7C58E43966.svg"/>
          <image key="524D9A41776CD1EF98956BB68F9875AC.svg"/>
        </images>
      </page>
      <page name="Request Details" ID="13C547DD-BB93-47F3-8E85-B9ABA334C57B" expanded="True" code="tjHPCXHrtJ" thumbCode="tjHPCXHrtJ" status="psWhite" isLastOpen="" createdate="2020-04-05 12:50:26" author="356554" modifieddate="2020-04-05 13:24:48" isdeleted="False" isfolder="False" ismodified="False" syncversion="31" lasteditor="356554" isshownode="True">
        <images>
          <image key="69A4D1E5CE13432C6A4F579026917C6A.svg"/>
          <image key="D6859759E093AABA6D618DD6AA733504.svg"/>
        </images>
      </page>
      <page name="Edit Request" ID="ADF44010-2035-4578-8B40-CF65FD5CDC48" expanded="True" code="l4EADBPchI" thumbCode="l4EADBPchI" status="psWhite" isLastOpen="" createdate="2020-04-05 12:50:34" author="356554" modifieddate="2020-04-05 15:59:08" isdeleted="False" isfolder="False" ismodified="False" syncversion="33" lasteditor="356554" isshownode="True">
        <images>
          <image key="D6859759E093AABA6D618DD6AA733504.svg"/>
        </images>
      </page>
    </page>
    <page name="Ongoing Trip (Unlinked to the rest, ignoring payment)" ID="D446318B-18F7-4729-8E51-5E8E4B9EB24C" expanded="True" code="" thumbCode="" status="psGreen" isLastOpen="" createdate="2020-04-05 17:08:34" author="356554" modifieddate="2020-04-05 17:09:28" isdeleted="False" isfolder="True" ismodified="False" syncversion="42" lasteditor="356554" isshownode="True">
      <images/>
      <page name="Requester view" ID="983A2E9F-79BA-4D44-A9BC-49A56B07F158" expanded="True" code="EAOjxuf7OR" thumbCode="EAOjxuf7OR" status="psWhite" isLastOpen="" createdate="2020-04-05 17:09:20" author="356554" modifieddate="2020-04-05 17:32:37" isdeleted="False" isfolder="False" ismodified="False" syncversion="46" lasteditor="356554" isshownode="True">
        <images>
          <image key="23C89C10F7B3376AE4E32DC5E7C501A2.svg"/>
          <image key="02408E34A3EFDE5AD33D4DC61C896B5A.svg"/>
          <image key="272406045191EFD41262383E38074218.svg"/>
          <image key="D6859759E093AABA6D618DD6AA733504.svg"/>
          <image key="467605F5F90D9FF65132C1A6EF883F26.svg"/>
          <image key="E6476C5B05119F5F60623A7C58E43966.svg"/>
          <image key="2DC4046875679DEA4111B47AE9385427.svg"/>
          <image key="994EA47FD772D1BA4B603ECA9B32D18E.svg"/>
        </images>
      </page>
      <page name="Offer view" ID="FB17BA92-9479-4FFB-84C8-F2C23DA117CD" expanded="False" code="mkYHk5gwA8" thumbCode="mkYHk5gwA8" status="psWhite" isLastOpen="" createdate="2020-04-05 17:09:28" author="356554" modifieddate="2020-04-05 17:37:26" isdeleted="False" isfolder="False" ismodified="False" syncversion="46" lasteditor="356554" isshownode="True">
        <images>
          <image key="272406045191EFD41262383E38074218.svg"/>
          <image key="D6859759E093AABA6D618DD6AA733504.svg"/>
          <image key="E3638B2E60A362767A00FB7F5D2B9DFE.svg"/>
        </images>
      </page>
    </page>
  </pages>
  <masters/>
  <images>
    <image key="1E8CC34B37F92CE832EF7070CE8F702D.svg"/>
    <image key="7BEE2611F373C98BB8D2195169695997.svg"/>
    <image key="C9A19AEA8333861081ABFD164D361FEF.svg"/>
    <image key="C487087161B7AFAC4353A4C6F54A65A1.svg"/>
    <image key="4F25A2707D514B22C658B066EFE6E434.png"/>
    <image key="AA45E12719F4631654810A4DD86B0A76.svg"/>
    <image key="0F682EC005E6FFEB267452BCBE14BA12.svg"/>
    <image key="BA2EAB857711598DA1CFBDC2B8848DF5.svg"/>
    <image key="6E6D6863698839BD8858A6C5F26217E8.svg"/>
    <image key="06F4B6B25823822FF82366138953A6B2.svg"/>
    <image key="3D17E78EA0EC372F7F51691AF5BF8D2B.svg"/>
    <image key="B91434690C5B5224D1CC6B1998F1178A.svg"/>
    <image key="BEC05033BFE991440DD86CE9E431A6E7.svg"/>
    <image key="7368E932054EB35095B123FCB5C28A31.svg"/>
    <image key="B92FB3DE93AB4225CE4D7406B35390E5.svg"/>
    <image key="2D0EF63191E99713CDFF6CDC028598ED.png"/>
    <image key="6E58421CFEFCF88D015438A009A9B527.png"/>
    <image key="B3A4126E26B10D53F4C5D6106D4FF510.png"/>
    <image key="2119E1032635B58A9627C98AB304CEE8.svg"/>
    <image key="50B0154EC25A3AD0FD0484F584C22386.png"/>
    <image key="8BE3C7AC8FBB1747163ECAB9AB46AD44.svg"/>
    <image key="DE7A3840C7CBA1B69449E3DDB42FE32A.svg"/>
    <image key="885BD210111F06B0DFDFF6715B39C4B8.svg"/>
    <image key="6F02C335AB5E335179869A0CEC5FBC90.svg"/>
    <image key="2DC4046875679DEA4111B47AE9385427.svg"/>
    <image key="524D9A41776CD1EF98956BB68F9875AC.svg"/>
    <image key="272406045191EFD41262383E38074218.svg"/>
    <image key="0CCFED0BD1BC3BB4D610117937314139.svg"/>
    <image key="62C23F59E2D195650370F88617D118A0.svg"/>
    <image key="BD4E616381CC9655F320253658F38FF1.svg"/>
    <image key="C02E786897D893B11E63CC5EF09BBED2.svg"/>
    <image key="7241B4F9C5A932A284647E182C3E01FF.svg"/>
    <image key="E6476C5B05119F5F60623A7C58E43966.svg"/>
    <image key="467605F5F90D9FF65132C1A6EF883F26.svg"/>
    <image key="69A4D1E5CE13432C6A4F579026917C6A.svg"/>
    <image key="C9606865F1B98473634269C3BD154981.svg"/>
    <image key="95808BE677799CD413353FF189D8AB9B.svg"/>
    <image key="8D2F29C1B03072DCD75C62B851C82FDC.png"/>
    <image key="42CF9E031360EBC09387427849BF6328.svg"/>
    <image key="AB60F13D70585F17F97A55ECCBE4C40E.png"/>
    <image key="02408E34A3EFDE5AD33D4DC61C896B5A.svg"/>
    <image key="6BB40B1A16B3740DA6C75F1036D11D98.svg"/>
    <image key="8C9055E8D03B9C1D942C2CAFB8A8A160.svg"/>
    <image key="7A1ADA4EC35D34C02FCDC2938A38F425.png"/>
    <image key="AA6465416D710AE8B4B024F86C544370.png"/>
    <image key="D6859759E093AABA6D618DD6AA733504.svg"/>
    <image key="BD6F87D88AC1B5439CE18D8644BC99BF.svg"/>
    <image key="23C89C10F7B3376AE4E32DC5E7C501A2.svg"/>
    <image key="E3638B2E60A362767A00FB7F5D2B9DFE.svg"/>
    <image key="994EA47FD772D1BA4B603ECA9B32D18E.svg"/>
    <image key="BE252FF6E3B97A39E9E73480BE5F8330.png"/>
    <image key="474A61FDC203C97B2EEFAF494C017CCB.svg"/>
    <image key="E83184942D579B487560D92C7DE7835B.png"/>
  </images>
  <enterprise syncid="Y1xu1E6e2ZJ99L" author="356554" syncversion="48" ismodified="False" istitlemodified="False" createtime="2020-04-04 18:10:21"/>
  <deletes>
    <pages/>
    <masters/>
  </deletes>
  <trash>
    <page name="Page" ID="518C4F61-D112-4BBB-9671-19A4201C4727" expanded="False" code="9yXPfRpXAb" thumbCode="7Jr6lctvnk" isLastOpen="True" status="psWhite" isfolder="False" isshownode="True" author="356554" createdate="2020-04-04 21:16:33" modifieddate="2020-04-04 21:16:39" isdeleted="False" ismodified="True" syncversion="0" lasteditor="356554"/>
    <page name="Page" ID="43A60643-83A7-4A9A-991B-90EF16603201" expanded="False" code="3qJNH5sIN2" thumbCode="cZiKoflst4" isLastOpen="True" status="psWhite" isfolder="False" isshownode="True" author="356554" createdate="2020-04-04 22:58:24" modifieddate="2020-04-04 22:58:29" isdeleted="False" ismodified="True" syncversion="0" lasteditor="356554"/>
    <page name="New Offer Screen" ID="46DF10C0-41D6-4882-8763-C0EFD6B30C68" expanded="True" code="DmTripB3XO" thumbCode="bThPEsO7GY" status="psWhite" isfolder="False" isshownode="True" author="356554" createdate="2020-04-04 18:50:00" modifieddate="2020-04-05 13:19:54" isdeleted="False" ismodified="True" syncversion="2" lasteditor="356554"/>
    <page name="New Request Screen" ID="837EBDE4-3D3F-48E7-BE83-E75DDB232257" expanded="True" code="4psPjspF8z" thumbCode="Y5MKNZ7e4H" status="psWhite" isfolder="False" isshownode="True" author="356554" createdate="2020-04-04 18:50:07" modifieddate="2020-04-05 13:19:54" isdeleted="False" ismodified="True" syncversion="2" lasteditor="356554"/>
    <page name="Request Screen" ID="0D3BCCC7-F6FA-4415-AAF9-1E18FB26680F" expanded="True" code="VyTc6HwBF9" thumbCode="OoiBPhPcJh" status="psWhite" isfolder="False" isshownode="True" author="356554" createdate="2020-04-04 18:50:19" modifieddate="2020-04-05 13:19:54" isdeleted="False" ismodified="True" syncversion="3" lasteditor="356554"/>
    <page name="Offer Screen" ID="434825D2-AFFA-4826-95F8-D6BCEA260EC3" expanded="True" code="VAxc5SDtro" thumbCode="fpLJh8Cref" isLastOpen="True" status="psWhite" isfolder="False" isshownode="True" author="356554" createdate="2020-04-04 18:50:26" modifieddate="2020-04-05 13:19:54" isdeleted="False" ismodified="True" syncversion="3" lasteditor="356554"/>
  </trash>
</project>